[2025-09-01 18:45:26] [INFO] API Request: GET /health
[2025-09-01 18:45:40] [INFO] API Request: GET /health
[01-Sep-2025 18:45:46 UTC] PHP Warning:  include(C:\xampp2\htdocs\BTT/backpacks.php): Failed to open stream: No such file or directory in C:\xampp2\htdocs\BTT\index.php on line 154
[01-Sep-2025 18:45:46 UTC] PHP Warning:  include(): Failed opening 'C:\xampp2\htdocs\BTT/backpacks.php' for inclusion (include_path='C:\xampp2\php\PEAR') in C:\xampp2\htdocs\BTT\index.php on line 154
[01-Sep-2025 18:45:47 UTC] PHP Warning:  include(C:\xampp2\htdocs\BTT/trips.php): Failed to open stream: No such file or directory in C:\xampp2\htdocs\BTT\index.php on line 163
[01-Sep-2025 18:45:47 UTC] PHP Warning:  include(): Failed opening 'C:\xampp2\htdocs\BTT/trips.php' for inclusion (include_path='C:\xampp2\php\PEAR') in C:\xampp2\htdocs\BTT\index.php on line 163
[2025-09-01 18:45:49] [INFO] API Request: GET /health
[01-Sep-2025 18:46:00 UTC] PHP Warning:  include(C:\xampp2\htdocs\BTT/backpacks.php): Failed to open stream: No such file or directory in C:\xampp2\htdocs\BTT\index.php on line 154
[01-Sep-2025 18:46:00 UTC] PHP Warning:  include(): Failed opening 'C:\xampp2\htdocs\BTT/backpacks.php' for inclusion (include_path='C:\xampp2\php\PEAR') in C:\xampp2\htdocs\BTT\index.php on line 154
[2025-09-01 18:52:09] [INFO] API Request: GET /backpacks
[2025-09-01 18:52:14] [INFO] API Request: POST /backpacks
[2025-09-01 18:52:14] [INFO] API Request: GET /backpacks
[2025-09-01 18:52:18] [INFO] API Request: POST /backpacks
[2025-09-01 18:52:18] [INFO] API Request: GET /backpacks
[2025-09-01 18:52:19] [INFO] API Request: GET /backpacks/1
[2025-09-01 18:52:22] [INFO] API Request: GET /trips
[2025-09-01 18:52:22] [INFO] API Request: GET /backpacks
[2025-09-01 18:52:23] [INFO] API Request: GET /backpacks
[2025-09-01 18:52:24] [INFO] API Request: GET /trips
[2025-09-01 18:52:24] [INFO] API Request: GET /backpacks
[2025-09-01 18:52:31] [INFO] API Request: POST /trips
[2025-09-01 18:52:31] [INFO] API Request: GET /trips
[2025-09-01 18:52:32] [INFO] API Request: GET /trips/1
[2025-09-01 18:52:36] [INFO] API Request: GET /backpacks
[2025-09-01 18:52:37] [INFO] API Request: GET /trips
[2025-09-01 18:52:37] [INFO] API Request: GET /backpacks
[2025-09-01 18:52:40] [INFO] API Request: GET /trips/1
[2025-09-01 18:53:27] [INFO] API Request: GET /backpacks
[2025-09-01 18:53:29] [INFO] API Request: GET /backpacks
[2025-09-01 18:53:30] [INFO] API Request: GET /trips
[2025-09-01 18:53:30] [INFO] API Request: GET /backpacks
[2025-09-01 18:53:31] [INFO] API Request: GET /backpacks
[2025-09-01 18:53:32] [INFO] API Request: GET /trips
[2025-09-01 18:53:32] [INFO] API Request: GET /backpacks
[2025-09-01 18:53:35] [INFO] API Request: GET /trips
[2025-09-01 18:53:35] [INFO] API Request: GET /backpacks
[2025-09-01 18:53:36] [INFO] API Request: GET /trips/1
[2025-09-01 18:53:39] [INFO] API Request: GET /backpacks
[2025-09-01 18:53:42] [INFO] API Request: GET /backpacks/1
[2025-09-01 18:53:52] [INFO] API Request: GET /backpacks
[2025-09-01 18:54:04] [INFO] API Request: GET /trips
[2025-09-01 18:54:07] [INFO] API Request: GET /backpacks
[2025-09-01 18:54:22] [INFO] API Request: GET /backpacks
[2025-09-01 18:54:27] [INFO] API Request: GET /backpacks
[2025-09-01 18:54:27] [INFO] API Request: GET /trips
[2025-09-01 18:54:28] [INFO] API Request: GET /trips/1
[2025-09-01 18:54:38] [INFO] API Request: GET /backpacks
[2025-09-01 18:54:38] [INFO] API Request: GET /trips
[2025-09-01 18:54:39] [INFO] API Request: GET /backpacks
[2025-09-01 18:54:41] [INFO] API Request: GET /trips
[2025-09-01 18:54:41] [INFO] API Request: GET /backpacks
[2025-09-01 18:54:41] [INFO] API Request: GET /backpacks
[2025-09-01 18:54:42] [INFO] API Request: GET /trips
[2025-09-01 18:54:42] [INFO] API Request: GET /backpacks
[2025-09-01 18:55:09] [INFO] API Request: GET /backpacks
[2025-09-01 18:55:09] [INFO] API Request: GET /trips
[2025-09-01 18:55:28] [INFO] API Request: GET /backpacks
[2025-09-01 18:55:29] [INFO] API Request: GET /backpacks/1
[2025-09-01 18:55:34] [INFO] API Request: PUT /backpacks/1
[2025-09-01 18:55:34] [INFO] API Request: GET /backpacks
[2025-09-01 18:55:35] [INFO] API Request: GET /backpacks/1
[2025-09-01 18:55:38] [INFO] API Request: GET /trips
[2025-09-01 18:55:38] [INFO] API Request: GET /backpacks
[2025-09-01 18:55:38] [INFO] API Request: GET /backpacks
[2025-09-01 18:56:03] [INFO] API Request: GET /backpacks
[2025-09-01 18:56:04] [INFO] API Request: GET /backpacks/1
[2025-09-01 18:56:08] [INFO] API Request: GET /trips
[2025-09-01 18:56:08] [INFO] API Request: GET /backpacks
[2025-09-01 18:56:09] [INFO] API Request: GET /trips/1
[2025-09-01 18:57:36] [INFO] API Request: GET /backpacks
[2025-09-01 18:57:51] [INFO] API Request: GET /backpacks
[2025-09-01 18:57:53] [INFO] API Request: GET /backpacks/1
[2025-09-01 18:57:56] [INFO] API Request: PUT /backpacks/1
[2025-09-01 18:57:56] [INFO] API Request: GET /backpacks
[2025-09-01 18:57:57] [INFO] API Request: GET /trips
[2025-09-01 18:57:57] [INFO] API Request: GET /backpacks
[2025-09-01 18:57:58] [INFO] API Request: GET /trips/1
[2025-09-01 18:58:05] [INFO] API Request: GET /backpacks
[2025-09-01 18:58:05] [INFO] API Request: GET /trips
[2025-09-01 18:58:17] [INFO] API Request: GET /trips
[2025-09-01 18:58:17] [INFO] API Request: GET /backpacks
[2025-09-01 18:58:20] [INFO] API Request: GET /trips
[2025-09-01 18:58:20] [INFO] API Request: GET /backpacks
[2025-09-01 18:58:30] [INFO] API Request: GET /trips
[2025-09-01 18:58:30] [INFO] API Request: GET /backpacks
[2025-09-01 18:58:31] [INFO] API Request: GET /trips/1
[2025-09-01 18:58:41] [INFO] API Request: GET /backpacks
[2025-09-01 19:00:56] [INFO] API Request: GET /backpacks
[2025-09-01 19:00:58] [INFO] API Request: GET /trips
[2025-09-01 19:00:58] [INFO] API Request: GET /backpacks
[2025-09-01 19:01:05] [INFO] API Request: GET /backpacks
[2025-09-01 19:01:07] [INFO] API Request: DELETE /backpacks/1
[2025-09-01 19:01:07] [INFO] API Request: GET /backpacks
[2025-09-01 19:01:10] [INFO] API Request: DELETE /backpacks/2
[2025-09-01 19:01:10] [INFO] API Request: GET /backpacks
[2025-09-01 19:01:13] [INFO] API Request: GET /trips
[2025-09-01 19:01:13] [INFO] API Request: GET /backpacks
[2025-09-01 19:01:54] [INFO] API Request: GET /trips
[2025-09-01 19:01:54] [INFO] API Request: GET /backpacks
[2025-09-01 19:01:56] [INFO] API Request: GET /trips
[2025-09-01 19:01:56] [INFO] API Request: GET /backpacks
[2025-09-01 19:01:56] [INFO] API Request: GET /backpacks
[2025-09-01 19:01:57] [INFO] API Request: GET /trips
[2025-09-01 19:01:57] [INFO] API Request: GET /backpacks
[2025-09-01 19:02:00] [INFO] API Request: GET /backpacks
[2025-09-01 19:05:41] [INFO] API Request: GET /health
[2025-09-01 19:05:49] [INFO] API Request: GET /trips
[2025-09-01 19:05:56] [INFO] API Request: GET /health
[2025-09-01 19:06:06] [INFO] API Request: GET /trips
[2025-09-01 19:06:06] [INFO] API Request: GET /backpacks
[2025-09-01 19:06:08] [INFO] API Request: GET /trips
[2025-09-01 19:06:08] [INFO] API Request: GET /backpacks
[2025-09-01 19:06:08] [INFO] API Request: GET /trips
[2025-09-01 19:06:08] [INFO] API Request: GET /backpacks
[2025-09-01 19:06:08] [INFO] API Request: GET /backpacks
[2025-09-01 19:06:08] [INFO] API Request: GET /trips
[2025-09-01 19:06:50] [INFO] API Request: GET /trips
[2025-09-01 19:06:50] [INFO] API Request: GET /backpacks
[2025-09-01 19:06:51] [INFO] API Request: GET /backpacks
[2025-09-01 19:07:28] [INFO] API Request: GET /backpacks
[2025-09-01 19:07:28] [INFO] API Request: GET /backpacks
[2025-09-01 19:07:29] [INFO] API Request: GET /backpacks
[2025-09-01 19:07:29] [INFO] API Request: GET /backpacks
[2025-09-01 19:08:27] [INFO] API Request: GET /backpacks
[2025-09-01 19:08:27] [INFO] API Request: GET /backpacks
[2025-09-01 19:08:27] [INFO] API Request: GET /backpacks
[2025-09-01 19:08:39] [INFO] API Request: GET /trips
[2025-09-01 19:08:39] [INFO] API Request: GET /backpacks
[2025-09-01 19:08:40] [INFO] API Request: GET /trips/1
[2025-09-01 19:09:22] [INFO] API Request: PUT /trips/1
[2025-09-01 19:09:22] [INFO] API Request: GET /trips
[2025-09-01 19:10:40] [INFO] API Request: GET /backpacks
[2025-09-01 19:10:41] [INFO] API Request: GET /trips
[2025-09-01 19:10:41] [INFO] API Request: GET /backpacks
[2025-09-01 19:10:43] [INFO] API Request: GET /trips
[2025-09-01 19:10:43] [INFO] API Request: GET /backpacks
[2025-09-01 19:10:44] [INFO] API Request: GET /backpacks
[2025-09-01 19:10:46] [INFO] API Request: GET /trips
[2025-09-01 19:10:46] [INFO] API Request: GET /backpacks
[2025-09-01 19:10:46] [INFO] API Request: GET /backpacks
[2025-09-01 19:10:47] [INFO] API Request: GET /trips
[2025-09-01 19:10:47] [INFO] API Request: GET /backpacks
[2025-09-01 19:11:15] [INFO] API Request: GET /backpacks
[2025-09-01 19:11:15] [INFO] API Request: GET /trips
[2025-09-01 19:11:15] [INFO] API Request: GET /trips
[2025-09-01 19:11:15] [INFO] API Request: GET /backpacks
[2025-09-01 19:11:15] [INFO] API Request: GET /trips
[2025-09-01 19:11:15] [INFO] API Request: GET /backpacks
[2025-09-01 19:11:25] [INFO] API Request: GET /backpacks
[2025-09-01 19:11:25] [INFO] API Request: GET /trips
[2025-09-01 19:11:25] [INFO] API Request: GET /trips
[2025-09-01 19:11:25] [INFO] API Request: GET /backpacks
[2025-09-01 19:11:25] [INFO] API Request: GET /trips
[2025-09-01 19:11:25] [INFO] API Request: GET /backpacks
[2025-09-01 19:11:38] [INFO] API Request: GET /backpacks
[2025-09-01 19:11:38] [INFO] API Request: GET /trips
[2025-09-01 19:11:44] [INFO] API Request: GET /backpacks
[2025-09-01 19:12:22] [INFO] API Request: GET /backpacks
[2025-09-01 19:12:23] [INFO] API Request: GET /trips
[2025-09-01 19:12:23] [INFO] API Request: GET /backpacks
[2025-09-01 19:12:25] [INFO] API Request: GET /backpacks
[2025-09-01 19:12:38] [INFO] API Request: GET /trips
[2025-09-01 19:12:38] [INFO] API Request: GET /backpacks
[2025-09-01 19:12:40] [INFO] API Request: GET /backpacks
[2025-09-01 19:12:42] [INFO] API Request: GET /trips
[2025-09-01 19:12:42] [INFO] API Request: GET /backpacks
[2025-09-01 19:12:45] [INFO] API Request: GET /backpacks
[2025-09-01 19:12:46] [INFO] API Request: GET /backpacks/3
[2025-09-01 19:12:47] [INFO] API Request: GET /backpacks/4
[2025-09-01 19:12:48] [INFO] API Request: GET /backpacks/5
[2025-09-01 19:12:48] [INFO] API Request: GET /backpacks/6
[2025-09-01 19:12:50] [INFO] API Request: GET /trips
[2025-09-01 19:12:50] [INFO] API Request: GET /backpacks
[2025-09-01 19:12:51] [INFO] API Request: GET /trips/1
[2025-09-01 19:13:04] [INFO] API Request: GET /trips
[2025-09-01 19:13:04] [INFO] API Request: GET /backpacks
[2025-09-01 19:13:04] [INFO] API Request: GET /trips
[2025-09-01 19:13:04] [INFO] API Request: GET /backpacks
[2025-09-01 19:13:05] [INFO] API Request: GET /trips
[2025-09-01 19:13:05] [INFO] API Request: GET /backpacks
[2025-09-01 19:13:16] [INFO] API Request: GET /health
[2025-09-01 21:57:45] [INFO] API Request: GET /trips
[2025-09-01 21:57:45] [INFO] API Request: GET /backpacks
[2025-09-01 21:57:46] [INFO] API Request: GET /backpacks
[2025-09-01 21:57:47] [INFO] API Request: GET /backpacks
[2025-09-01 21:57:47] [INFO] API Request: GET /trips
[2025-09-01 21:57:48] [INFO] API Request: GET /trips/1
[2025-09-01 21:57:50] [INFO] API Request: DELETE /trips/1
[2025-09-01 21:57:50] [INFO] API Request: GET /trips
[2025-09-01 21:57:51] [INFO] API Request: GET /trips/2
[2025-09-01 21:57:52] [INFO] API Request: GET /trips/2
[2025-09-01 21:57:53] [INFO] API Request: GET /backpacks
[2025-09-01 21:57:54] [INFO] API Request: GET /backpacks/3
[2025-09-01 21:57:55] [INFO] API Request: GET /backpacks/3
[2025-09-01 22:28:21] [INFO] API Request: GET /backpacks
[2025-09-01 22:29:04] [INFO] API Request: GET /health
[2025-09-01 22:32:15] [INFO] API Request: GET /backpacks
[2025-09-01 22:32:25] [INFO] API Request: GET /trips
[2025-09-01 22:52:26] [INFO] API Request: GET /backpacks
[2025-09-01 22:52:30] [INFO] API Request: GET /backpacks/3
[2025-09-01 22:52:31] [INFO] API Request: GET /backpacks/3
[2025-09-02 00:10:16] [INFO] API Request: GET /backpacks
[2025-09-02 01:06:31] [INFO] API Request: GET /backpacks
[2025-09-02 01:07:31] [INFO] API Request: GET /trips
[2025-09-02 01:07:31] [INFO] API Request: GET /backpacks
[2025-09-02 12:11:16] [INFO] API Request: GET /backpacks
[2025-09-02 12:11:20] [INFO] API Request: GET /backpacks/3
[2025-09-02 12:11:21] [INFO] API Request: GET /backpacks/3
[2025-09-02 12:11:23] [INFO] API Request: DELETE /backpacks/3
[2025-09-02 12:11:23] [INFO] API Request: GET /backpacks
[2025-09-02 12:11:24] [INFO] API Request: DELETE /backpacks/4
[2025-09-02 12:11:24] [INFO] API Request: GET /backpacks
[2025-09-02 12:11:37] [INFO] API Request: GET /trips
[2025-09-02 12:11:37] [INFO] API Request: GET /backpacks
[2025-09-02 12:11:39] [INFO] API Request: GET /trips/2
[2025-09-02 12:11:40] [INFO] API Request: GET /trips/2
[2025-09-02 12:56:30] [INFO] API Request: GET /health
[2025-09-02 12:56:30] [INFO] API Request: GET /health
[2025-09-02 12:56:30] [INFO] API Request: GET /health
[2025-09-02 12:56:30] [INFO] API Request: GET /health
[2025-09-02 12:57:13] [INFO] API Request: GET /health
[2025-09-02 12:57:14] [INFO] API Request: GET /health
[2025-09-02 12:57:14] [INFO] API Request: GET /health
[2025-09-02 12:57:14] [INFO] API Request: GET /health
[2025-09-02 12:57:14] [INFO] API Request: GET /backpacks
[2025-09-02 12:57:15] [INFO] API Request: GET /health
[2025-09-02 12:57:15] [INFO] API Request: GET /health
[2025-09-02 12:57:15] [INFO] API Request: GET /health
[2025-09-02 12:57:15] [INFO] API Request: GET /health
[2025-09-02 12:57:20] [INFO] API Request: GET /health
[2025-09-02 12:57:20] [INFO] API Request: GET /health
[2025-09-02 12:57:20] [INFO] API Request: GET /health
[2025-09-02 12:57:20] [INFO] API Request: GET /health
[2025-09-02 13:08:27] [INFO] API Request: GET /health
[2025-09-02 13:08:27] [INFO] API Request: GET /health
[2025-09-02 13:08:27] [INFO] API Request: GET /health
[2025-09-02 13:08:27] [INFO] API Request: GET /health
[2025-09-02 13:08:30] [INFO] API Request: GET /backpacks
[2025-09-02 13:08:30] [INFO] API Request: GET /trips
[2025-09-02 13:08:30] [INFO] API Request: GET /health
[2025-09-02 13:08:30] [INFO] API Request: GET /health
[2025-09-02 13:08:30] [INFO] API Request: GET /health
[2025-09-02 13:08:30] [INFO] API Request: GET /health
[2025-09-02 13:08:32] [INFO] API Request: GET /trips
[2025-09-02 13:08:32] [INFO] API Request: GET /backpacks
[2025-09-02 13:08:51] [INFO] API Request: GET /health
[2025-09-02 13:08:51] [INFO] API Request: GET /health
[2025-09-02 13:08:51] [INFO] API Request: GET /health
[2025-09-02 13:08:51] [INFO] API Request: GET /health
[2025-09-02 13:09:07] [INFO] API Request: GET /trips
[2025-09-02 13:09:07] [INFO] API Request: GET /backpacks
[2025-09-02 13:09:08] [INFO] API Request: GET /health
[2025-09-02 13:09:08] [INFO] API Request: GET /health
[2025-09-02 13:09:08] [INFO] API Request: GET /health
[2025-09-02 13:09:08] [INFO] API Request: GET /health
[2025-09-02 13:09:09] [INFO] API Request: GET /backpacks
[2025-09-02 13:09:09] [INFO] API Request: GET /health
[2025-09-02 13:09:09] [INFO] API Request: GET /health
[2025-09-02 13:09:09] [INFO] API Request: GET /health
[2025-09-02 13:09:09] [INFO] API Request: GET /health
[2025-09-02 13:09:10] [INFO] API Request: GET /health
[2025-09-02 13:09:10] [INFO] API Request: GET /health
[2025-09-02 13:09:10] [INFO] API Request: GET /health
[2025-09-02 13:09:10] [INFO] API Request: GET /health
[2025-09-02 13:09:22] [INFO] API Request: GET /health
[2025-09-02 13:09:22] [INFO] API Request: GET /health
[2025-09-02 13:09:22] [INFO] API Request: GET /health
[2025-09-02 13:09:22] [INFO] API Request: GET /health
[2025-09-02 13:23:20] [INFO] API Request: GET /health
[2025-09-02 13:23:20] [INFO] API Request: GET /health
[2025-09-02 13:23:20] [INFO] API Request: GET /health
[2025-09-02 13:23:20] [INFO] API Request: GET /health
[2025-09-02 13:23:21] [INFO] API Request: GET /health
[2025-09-02 13:23:21] [INFO] API Request: GET /health
[2025-09-02 13:23:21] [INFO] API Request: GET /health
[2025-09-02 13:23:21] [INFO] API Request: GET /health
[2025-09-02 13:23:23] [INFO] API Request: GET /trips
[2025-09-02 13:23:23] [INFO] API Request: GET /backpacks
[2025-09-02 13:23:24] [INFO] API Request: GET /backpacks
[2025-09-02 13:23:25] [INFO] API Request: GET /health
[2025-09-02 13:23:25] [INFO] API Request: GET /health
[2025-09-02 13:23:25] [INFO] API Request: GET /health
[2025-09-02 13:23:25] [INFO] API Request: GET /health
[2025-09-02 13:24:28] [INFO] API Request: GET /trips
[2025-09-02 13:24:28] [INFO] API Request: GET /backpacks
[2025-09-02 13:24:29] [INFO] API Request: GET /backpacks
[2025-09-02 13:24:30] [INFO] API Request: GET /health
[2025-09-02 13:24:30] [INFO] API Request: GET /health
[2025-09-02 13:24:30] [INFO] API Request: GET /health
[2025-09-02 13:24:30] [INFO] API Request: GET /health
[2025-09-02 13:24:31] [INFO] API Request: GET /health
[2025-09-02 13:24:31] [INFO] API Request: GET /health
[2025-09-02 13:24:31] [INFO] API Request: GET /health
[2025-09-02 13:24:31] [INFO] API Request: GET /health
[2025-09-02 13:27:59] [INFO] API Request: GET /health
[2025-09-02 13:27:59] [INFO] API Request: GET /health
[2025-09-02 13:27:59] [INFO] API Request: GET /health
[2025-09-02 13:27:59] [INFO] API Request: GET /health
[2025-09-02 13:28:08] [INFO] API Request: GET /trips
[2025-09-02 13:28:08] [INFO] API Request: GET /backpacks
[2025-09-02 13:28:10] [INFO] API Request: GET /trips/2
[2025-09-02 13:28:12] [INFO] API Request: GET /trips/2
[2025-09-02 13:29:55] [INFO] API Request: GET /trips
[2025-09-02 13:29:55] [INFO] API Request: GET /backpacks
[2025-09-02 13:29:57] [INFO] API Request: GET /backpacks
[2025-09-02 13:29:58] [INFO] API Request: GET /health
[2025-09-02 13:29:58] [INFO] API Request: GET /health
[2025-09-02 13:29:58] [INFO] API Request: GET /health
[2025-09-02 13:29:58] [INFO] API Request: GET /health
[2025-09-02 13:30:22] [INFO] API Request: GET /health
[2025-09-02 13:30:22] [INFO] API Request: GET /health
[2025-09-02 13:30:22] [INFO] API Request: GET /health
[2025-09-02 13:30:22] [INFO] API Request: GET /health
[2025-09-02 13:30:24] [INFO] API Request: GET /backpacks
[2025-09-02 13:30:25] [INFO] API Request: GET /trips
[2025-09-02 13:30:25] [INFO] API Request: GET /backpacks
[2025-09-02 13:30:26] [INFO] API Request: GET /health
[2025-09-02 13:30:26] [INFO] API Request: GET /health
[2025-09-02 13:30:26] [INFO] API Request: GET /health
[2025-09-02 13:30:26] [INFO] API Request: GET /health
[2025-09-02 13:36:00] [INFO] API Request: GET /trips
[2025-09-02 13:36:00] [INFO] API Request: GET /backpacks
[2025-09-02 13:36:02] [INFO] API Request: GET /trips
[2025-09-02 13:36:02] [INFO] API Request: GET /backpacks
[2025-09-02 13:36:03] [INFO] API Request: GET /health
[2025-09-02 13:36:03] [INFO] API Request: GET /health
[2025-09-02 13:36:03] [INFO] API Request: GET /health
[2025-09-02 13:36:03] [INFO] API Request: GET /health
[2025-09-02 13:36:04] [INFO] API Request: GET /backpacks
[2025-09-02 13:36:04] [INFO] API Request: GET /trips
[2025-09-02 13:36:05] [INFO] API Request: GET /backpacks
[2025-09-02 13:36:06] [INFO] API Request: GET /health
[2025-09-02 13:36:06] [INFO] API Request: GET /health
[2025-09-02 13:36:06] [INFO] API Request: GET /health
[2025-09-02 13:36:06] [INFO] API Request: GET /health
[2025-09-02 13:36:07] [INFO] API Request: GET /backpacks
[2025-09-02 13:36:07] [INFO] API Request: GET /backpacks
[2025-09-02 13:36:07] [INFO] API Request: GET /trips
[2025-09-02 13:36:08] [INFO] API Request: GET /health
[2025-09-02 13:36:08] [INFO] API Request: GET /health
[2025-09-02 13:36:08] [INFO] API Request: GET /health
[2025-09-02 13:36:08] [INFO] API Request: GET /health
[2025-09-02 13:36:09] [INFO] API Request: GET /trips
[2025-09-02 13:36:09] [INFO] API Request: GET /backpacks
[2025-09-02 13:36:10] [INFO] API Request: GET /backpacks
[2025-09-02 13:36:11] [INFO] API Request: GET /health
[2025-09-02 13:36:11] [INFO] API Request: GET /health
[2025-09-02 13:36:11] [INFO] API Request: GET /health
[2025-09-02 13:36:11] [INFO] API Request: GET /health
[2025-09-02 13:36:12] [INFO] API Request: GET /health
[2025-09-02 13:36:12] [INFO] API Request: GET /health
[2025-09-02 13:36:12] [INFO] API Request: GET /health
[2025-09-02 13:36:12] [INFO] API Request: GET /health
[2025-09-02 13:36:13] [INFO] API Request: GET /health
[2025-09-02 13:36:13] [INFO] API Request: GET /health
[2025-09-02 13:36:13] [INFO] API Request: GET /health
[2025-09-02 13:36:14] [INFO] API Request: GET /health
[2025-09-02 13:37:23] [INFO] API Request: GET /health
[2025-09-02 13:37:23] [INFO] API Request: GET /health
[2025-09-02 13:37:23] [INFO] API Request: GET /health
[2025-09-02 13:37:23] [INFO] API Request: GET /health
[2025-09-02 13:38:37] [INFO] API Request: GET /health
[2025-09-02 13:38:37] [INFO] API Request: GET /health
[2025-09-02 13:38:37] [INFO] API Request: GET /health
[2025-09-02 13:38:37] [INFO] API Request: GET /health
[2025-09-02 13:38:38] [INFO] API Request: GET /health
[2025-09-02 13:38:38] [INFO] API Request: GET /health
[2025-09-02 13:38:38] [INFO] API Request: GET /health
[2025-09-02 13:38:38] [INFO] API Request: GET /health
[2025-09-02 13:41:23] [INFO] API Request: GET /health
[2025-09-02 13:41:23] [INFO] API Request: GET /health
[2025-09-02 13:41:23] [INFO] API Request: GET /health
[2025-09-02 13:41:23] [INFO] API Request: GET /health
[2025-09-02 13:41:31] [INFO] API Request: GET /trips
[2025-09-02 13:41:31] [INFO] API Request: GET /backpacks
[2025-09-02 13:41:34] [INFO] API Request: DELETE /trips/2
[2025-09-02 13:41:34] [INFO] API Request: GET /trips
[2025-09-02 13:44:44] [INFO] API Request: GET /trips
[2025-09-02 13:44:44] [INFO] API Request: GET /backpacks
[2025-09-02 13:44:47] [INFO] API Request: GET /backpacks
[2025-09-02 13:44:49] [INFO] API Request: GET /backpacks/5
[2025-09-02 13:45:40] [INFO] API Request: GET /backpacks
[2025-09-02 13:45:42] [INFO] API Request: GET /backpacks
[2025-09-02 13:46:41] [INFO] API Request: GET /trips
[2025-09-02 13:46:41] [INFO] API Request: GET /backpacks
[2025-09-02 13:47:37] [INFO] API Request: GET /trips
[2025-09-02 13:47:37] [INFO] API Request: GET /backpacks
[2025-09-02 13:47:43] [INFO] API Request: GET /trips
[2025-09-02 13:47:43] [INFO] API Request: GET /backpacks
[2025-09-02 13:47:44] [INFO] API Request: GET /backpacks
[2025-09-02 13:47:45] [INFO] API Request: GET /backpacks
[2025-09-02 13:47:45] [INFO] API Request: GET /trips
[2025-09-02 13:48:11] [INFO] API Request: GET /backpacks
[2025-09-02 13:53:44] [INFO] API Request: GET /trips
[2025-09-02 13:53:44] [INFO] API Request: GET /backpacks
[2025-09-02 13:54:26] [INFO] API Request: POST /trips
[2025-09-02 13:54:26] [INFO] API Request: GET /trips
[2025-09-02 13:55:47] [INFO] API Request: GET /backpacks
[2025-09-02 13:55:47] [INFO] API Request: GET /trips
[2025-09-02 13:55:53] [INFO] API Request: GET /health
[2025-09-02 13:55:53] [INFO] API Request: GET /health
[2025-09-02 13:55:53] [INFO] API Request: GET /health
[2025-09-02 13:55:53] [INFO] API Request: GET /health
[2025-09-02 13:55:55] [INFO] API Request: GET /backpacks
[2025-09-02 13:55:57] [INFO] API Request: GET /health
[2025-09-02 13:55:57] [INFO] API Request: GET /health
[2025-09-02 13:55:57] [INFO] API Request: GET /health
[2025-09-02 13:55:57] [INFO] API Request: GET /health
[02-Sep-2025 13:57:09 UTC] PHP Warning:  Undefined array key "REQUEST_METHOD" in C:\xampp2\htdocs\BTT\api\config.php on line 40
[02-Sep-2025 13:57:09 UTC] PHP Warning:  session_start(): Session cannot be started after headers have already been sent in C:\xampp2\htdocs\BTT\api\config.php on line 46
[2025-09-02 13:57:22] [INFO] API Request: GET /trips
[2025-09-02 13:57:22] [INFO] API Request: GET /backpacks
[2025-09-02 14:07:50] [INFO] API Request: GET /health
[2025-09-02 14:07:50] [INFO] API Request: GET /health
[2025-09-02 14:07:50] [INFO] API Request: GET /health
[2025-09-02 14:07:50] [INFO] API Request: GET /health
[2025-09-02 14:07:58] [INFO] API Request: GET /health
[2025-09-02 14:07:58] [INFO] API Request: GET /health
[2025-09-02 14:07:58] [INFO] API Request: GET /health
[2025-09-02 14:07:58] [INFO] API Request: GET /health
[2025-09-02 14:08:01] [INFO] API Request: GET /health
[2025-09-02 14:08:01] [INFO] API Request: GET /health
[2025-09-02 14:08:01] [INFO] API Request: GET /health
[2025-09-02 14:08:01] [INFO] API Request: GET /health
[2025-09-02 14:08:03] [INFO] API Request: GET /trips
[2025-09-02 14:08:03] [INFO] API Request: GET /backpacks
[2025-09-02 14:08:14] [INFO] API Request: POST /trips
[2025-09-02 14:08:14] [INFO] API Request: GET /trips
[2025-09-02 14:09:46] [INFO] API Request: GET /backpacks
[2025-09-02 14:09:48] [INFO] API Request: GET /backpacks/5
[2025-09-02 14:17:16] [INFO] API Request: GET /backpacks
[2025-09-02 14:17:33] [INFO] API Request: GET /trips
[2025-09-02 14:17:44] [INFO] API Request: GET /trips
[2025-09-02 14:17:44] [INFO] API Request: GET /backpacks
[2025-09-02 14:18:11] [INFO] API Request: GET /backpacks
[2025-09-02 14:18:12] [INFO] API Request: GET /backpacks
[2025-09-02 14:18:16] [INFO] API Request: GET /backpacks
[2025-09-02 14:18:17] [INFO] API Request: GET /trips
[2025-09-02 14:18:17] [INFO] API Request: GET /backpacks
[2025-09-02 14:18:21] [INFO] API Request: DELETE /trips/3
[2025-09-02 14:18:21] [INFO] API Request: GET /trips
[2025-09-02 14:18:28] [INFO] API Request: DELETE /trips/4
[2025-09-02 14:18:28] [INFO] API Request: GET /trips
[2025-09-02 14:18:30] [INFO] API Request: DELETE /trips/5
[2025-09-02 14:18:30] [INFO] API Request: GET /trips
[2025-09-02 14:18:32] [INFO] API Request: DELETE /trips/6
[2025-09-02 14:18:32] [INFO] API Request: GET /trips
[2025-09-02 14:18:33] [INFO] API Request: DELETE /trips/7
[2025-09-02 14:18:33] [INFO] API Request: GET /trips
[2025-09-02 14:18:35] [INFO] API Request: DELETE /trips/8
[2025-09-02 14:18:35] [INFO] API Request: GET /trips
[2025-09-02 14:18:37] [INFO] API Request: DELETE /trips/9
[2025-09-02 14:18:37] [INFO] API Request: GET /trips
[2025-09-02 14:18:40] [INFO] API Request: GET /trips/10
[2025-09-02 14:20:46] [INFO] API Request: GET /trips
[2025-09-02 14:20:46] [INFO] API Request: GET /backpacks
[2025-09-02 14:20:48] [INFO] API Request: GET /trips/10
[2025-09-02 14:20:53] [INFO] API Request: GET /trips
[2025-09-02 14:20:53] [INFO] API Request: GET /backpacks
[2025-09-02 14:20:55] [INFO] API Request: GET /backpacks
[2025-09-02 14:20:57] [INFO] API Request: GET /backpacks/5
[2025-09-02 14:21:25] [INFO] API Request: GET /backpacks
[2025-09-02 14:22:38] [INFO] API Request: GET /backpacks
[2025-09-02 14:22:58] [INFO] API Request: GET /backpacks
[2025-09-02 14:23:02] [INFO] API Request: GET /trips
[2025-09-02 14:23:02] [INFO] API Request: GET /backpacks
[2025-09-02 14:23:02] [INFO] API Request: GET /backpacks
[2025-09-02 14:23:03] [INFO] API Request: GET /backpacks
[2025-09-02 14:23:03] [INFO] API Request: GET /trips
[2025-09-02 14:23:05] [INFO] API Request: GET /trips/10
[2025-09-02 14:23:10] [INFO] API Request: GET /trips/11
[2025-09-02 14:23:21] [INFO] API Request: DELETE /trips/10
[2025-09-02 14:23:21] [INFO] API Request: GET /trips
[2025-09-02 14:23:23] [INFO] API Request: DELETE /trips/11
[2025-09-02 14:23:23] [INFO] API Request: GET /trips
[2025-09-02 14:23:25] [INFO] API Request: DELETE /trips/12
[2025-09-02 14:23:25] [INFO] API Request: GET /trips
[2025-09-02 14:23:26] [INFO] API Request: DELETE /trips/13
[2025-09-02 14:23:26] [INFO] API Request: GET /trips
[2025-09-02 14:24:28] [INFO] API Request: PUT /trips/11
[2025-09-02 14:24:28] [ERROR] API Error: Trip not found
[2025-09-02 15:03:59] [INFO] API Request: GET /health
[2025-09-02 15:04:29] [INFO] API Request: GET /health
[2025-09-02 15:04:29] [INFO] API Request: GET /health
[2025-09-02 15:04:29] [INFO] API Request: GET /health
[2025-09-02 15:04:29] [INFO] API Request: GET /health
[2025-09-02 15:04:30] [INFO] API Request: GET /trips
[2025-09-02 15:04:30] [INFO] API Request: GET /backpacks
[2025-09-02 15:07:25] [INFO] API Request: GET /trips
[2025-09-02 15:07:25] [INFO] API Request: GET /backpacks
[2025-09-02 15:07:26] [INFO] API Request: GET /health
[2025-09-02 15:07:26] [INFO] API Request: GET /health
[2025-09-02 15:07:26] [INFO] API Request: GET /health
[2025-09-02 15:07:26] [INFO] API Request: GET /health
[2025-09-02 15:18:39] [INFO] API Request: GET /health
[2025-09-02 15:18:39] [INFO] API Request: GET /health
[2025-09-02 15:18:39] [INFO] API Request: GET /health
[2025-09-02 15:18:39] [INFO] API Request: GET /health
[2025-09-02 15:18:40] [INFO] API Request: GET /trips
[2025-09-02 15:18:40] [INFO] API Request: GET /backpacks
[2025-09-02 15:22:30] [INFO] API Request: GET /trips
[2025-09-02 15:22:30] [INFO] API Request: GET /backpacks
[2025-09-02 15:22:32] [INFO] API Request: GET /trips
[2025-09-02 15:22:32] [INFO] API Request: GET /backpacks
[2025-09-02 15:25:19] [INFO] API Request: GET /health
[2025-09-02 15:25:19] [INFO] API Request: GET /health
[2025-09-02 15:25:19] [INFO] API Request: GET /health
[2025-09-02 15:25:19] [INFO] API Request: GET /health
[2025-09-02 15:25:22] [INFO] API Request: GET /trips
[2025-09-02 15:25:22] [INFO] API Request: GET /backpacks
[2025-09-02 15:25:25] [INFO] API Request: GET /health
[2025-09-02 15:25:25] [INFO] API Request: GET /health
[2025-09-02 15:25:25] [INFO] API Request: GET /health
[2025-09-02 15:25:25] [INFO] API Request: GET /health
[2025-09-02 15:25:26] [INFO] API Request: GET /trips
[2025-09-02 15:25:26] [INFO] API Request: GET /backpacks
[2025-09-02 15:25:48] [INFO] API Request: POST /trips
[2025-09-02 15:25:48] [INFO] API Request: GET /trips
[2025-09-02 15:30:53] [INFO] API Request: GET /health
[2025-09-02 15:30:53] [INFO] API Request: GET /health
[2025-09-02 15:30:53] [INFO] API Request: GET /health
[2025-09-02 15:30:53] [INFO] API Request: GET /health
[2025-09-02 15:30:57] [INFO] API Request: GET /health
[2025-09-02 15:30:57] [INFO] API Request: GET /health
[2025-09-02 15:30:57] [INFO] API Request: GET /health
[2025-09-02 15:30:57] [INFO] API Request: GET /health
[2025-09-02 15:30:57] [INFO] API Request: GET /trips
[2025-09-02 15:30:57] [INFO] API Request: GET /backpacks
[2025-09-02 15:30:58] [INFO] API Request: GET /health
[2025-09-02 15:30:58] [INFO] API Request: GET /health
[2025-09-02 15:30:58] [INFO] API Request: GET /health
[2025-09-02 15:30:58] [INFO] API Request: GET /health
[2025-09-02 15:31:13] [INFO] API Request: GET /backpacks
[2025-09-02 15:31:13] [INFO] API Request: GET /trips
[2025-09-02 15:42:00] [INFO] API Request: GET /health
[2025-09-02 15:42:00] [INFO] API Request: GET /health
[2025-09-02 15:42:00] [INFO] API Request: GET /health
[2025-09-02 15:42:00] [INFO] API Request: GET /health
[2025-09-02 15:42:02] [INFO] API Request: GET /trips
[2025-09-02 15:42:02] [INFO] API Request: GET /backpacks
[2025-09-02 15:42:05] [INFO] API Request: GET /trips/1
[2025-09-02 15:42:12] [INFO] API Request: GET /trips/1
[2025-09-02 15:55:23] [INFO] API Request: GET /health
[2025-09-02 15:55:23] [INFO] API Request: GET /health
[2025-09-02 15:55:23] [INFO] API Request: GET /health
[2025-09-02 15:55:23] [INFO] API Request: GET /health
[2025-09-02 15:55:25] [INFO] API Request: GET /trips
[2025-09-02 15:55:25] [INFO] API Request: GET /backpacks
[2025-09-02 16:00:25] [INFO] API Request: GET /health
[2025-09-02 16:00:25] [INFO] API Request: GET /health
[2025-09-02 16:00:25] [INFO] API Request: GET /health
[2025-09-02 16:00:25] [INFO] API Request: GET /health
[2025-09-02 16:00:26] [INFO] API Request: GET /backpacks
[2025-09-02 16:00:26] [INFO] API Request: GET /trips
[2025-09-02 16:01:27] [INFO] API Request: GET /health
[2025-09-02 16:01:27] [INFO] API Request: GET /health
[2025-09-02 16:01:27] [INFO] API Request: GET /health
[2025-09-02 16:01:27] [INFO] API Request: GET /health
[2025-09-02 16:01:33] [INFO] API Request: GET /health
[2025-09-02 16:01:33] [INFO] API Request: GET /health
[2025-09-02 16:01:33] [INFO] API Request: GET /health
[2025-09-02 16:01:33] [INFO] API Request: GET /health
[2025-09-02 16:01:37] [INFO] API Request: GET /trips
[2025-09-02 16:01:37] [INFO] API Request: GET /backpacks
[2025-09-02 16:01:39] [INFO] API Request: GET /trips/1
[2025-09-02 16:03:18] [INFO] API Request: GET /trips
[2025-09-02 16:03:18] [INFO] API Request: GET /backpacks
[2025-09-02 16:03:21] [INFO] API Request: GET /health
[2025-09-02 16:03:21] [INFO] API Request: GET /health
[2025-09-02 16:03:21] [INFO] API Request: GET /health
[2025-09-02 16:03:21] [INFO] API Request: GET /health
[2025-09-02 16:05:36] [INFO] API Request: GET /health
[2025-09-02 16:09:45] [INFO] API Request: GET /trips
[2025-09-02 16:09:45] [INFO] API Request: GET /backpacks
[2025-09-02 16:10:25] [INFO] API Request: GET /trips
[2025-09-02 16:10:25] [INFO] API Request: GET /backpacks
[2025-09-02 16:28:51] [INFO] API Request: GET /trips
[2025-09-02 16:28:51] [INFO] API Request: GET /backpacks
[2025-09-02 16:28:51] [INFO] API Request: GET /trips
[2025-09-02 16:28:51] [INFO] API Request: GET /backpacks
[2025-09-02 16:28:52] [INFO] API Request: GET /trips
[2025-09-02 16:28:52] [INFO] API Request: GET /backpacks
[2025-09-02 16:28:52] [INFO] API Request: GET /trips
[2025-09-02 16:28:52] [INFO] API Request: GET /backpacks
[2025-09-02 16:28:53] [INFO] API Request: GET /backpacks
[2025-09-02 16:28:53] [INFO] API Request: GET /trips
[2025-09-02 16:28:55] [INFO] API Request: GET /trips/1
[2025-09-02 16:31:09] [INFO] API Request: GET /backpacks
[2025-09-02 16:31:11] [INFO] API Request: GET /backpacks
[2025-09-02 16:31:11] [INFO] API Request: POST /backpacks
[2025-09-02 16:31:11] [ERROR] API Error: Validation failed - {"name":"Name is required"}
[2025-09-02 16:31:11] [INFO] API Request: GET /backpacks
[2025-09-02 16:31:11] [INFO] API Request: PUT /backpacks
[2025-09-02 16:31:11] [ERROR] API Error: Backpack ID is required for update
[2025-09-02 16:31:11] [INFO] API Request: DELETE /backpacks
[2025-09-02 16:31:11] [ERROR] API Error: Backpack ID is required for delete
[2025-09-02 16:34:47] [INFO] API Request: GET /backpacks
[2025-09-02 16:35:17] [INFO] API Request: GET /backpacks
[2025-09-02 16:45:39] [INFO] API Request: GET /trips
[2025-09-02 16:45:39] [INFO] API Request: GET /backpacks
[2025-09-02 16:45:39] [INFO] API Request: GET /trips
[2025-09-02 16:45:39] [INFO] API Request: GET /backpacks
[2025-09-02 16:45:41] [INFO] API Request: GET /trips
[2025-09-02 16:45:41] [INFO] API Request: GET /backpacks
[2025-09-02 16:45:41] [INFO] API Request: GET /trips
[2025-09-02 16:45:41] [INFO] API Request: GET /backpacks
[2025-09-02 16:45:43] [INFO] API Request: GET /trips
[2025-09-02 16:45:43] [INFO] API Request: GET /backpacks
[2025-09-02 16:45:46] [INFO] API Request: GET /trips/1
[2025-09-02 16:45:56] [INFO] API Request: GET /backpacks
[2025-09-02 16:46:54] [INFO] API Request: GET /trips
[2025-09-02 16:46:54] [INFO] API Request: GET /backpacks
[2025-09-02 16:46:54] [INFO] API Request: GET /trips
[2025-09-02 16:46:54] [INFO] API Request: GET /backpacks
[2025-09-02 16:47:04] [INFO] API Request: GET /trips
[2025-09-02 16:47:04] [INFO] API Request: GET /backpacks
[2025-09-02 16:47:05] [INFO] API Request: GET /trips
[2025-09-02 16:47:05] [INFO] API Request: GET /backpacks
[2025-09-02 16:47:05] [INFO] API Request: GET /trips
[2025-09-02 16:47:05] [INFO] API Request: GET /backpacks
[2025-09-02 16:47:15] [INFO] API Request: GET /backpacks
[2025-09-02 16:47:15] [INFO] API Request: GET /trips
[2025-09-02 16:47:15] [INFO] API Request: GET /backpacks
[2025-09-02 16:47:17] [INFO] API Request: GET /trips/1
[2025-09-02 16:50:09] [INFO] API Request: GET /trips/1
[2025-09-02 16:50:10] [INFO] API Request: GET /trips/1
[2025-09-02 16:50:12] [INFO] API Request: GET /backpacks
[2025-09-02 16:50:22] [INFO] API Request: GET /backpacks
[2025-09-02 16:50:27] [INFO] API Request: PUT /backpacks/5
[2025-09-02 16:50:27] [INFO] API Request: GET /backpacks
[2025-09-02 16:57:16] [INFO] API Request: GET /backpacks
[2025-09-02 16:57:19] [INFO] API Request: GET /backpacks
[2025-09-02 16:57:29] [INFO] API Request: GET /trips
[2025-09-02 16:57:36] [INFO] API Request: GET /backpacks
[2025-09-02 16:57:45] [INFO] API Request: GET /trips
[2025-09-02 16:57:45] [INFO] API Request: GET /backpacks
[2025-09-02 16:57:45] [INFO] API Request: GET /trips
[2025-09-02 16:57:45] [INFO] API Request: GET /backpacks
[2025-09-02 16:57:48] [INFO] API Request: GET /trips
[2025-09-02 16:57:48] [INFO] API Request: GET /backpacks
[2025-09-02 16:57:48] [INFO] API Request: GET /trips
[2025-09-02 16:57:48] [INFO] API Request: GET /backpacks
[2025-09-02 16:57:50] [INFO] API Request: GET /trips
[2025-09-02 16:57:50] [INFO] API Request: GET /backpacks
[2025-09-02 16:57:51] [INFO] API Request: GET /backpacks
[2025-09-02 16:57:51] [INFO] API Request: GET /trips
[2025-09-02 16:57:51] [INFO] API Request: GET /trips
[2025-09-02 16:57:51] [INFO] API Request: GET /backpacks
[2025-09-02 16:57:51] [INFO] API Request: GET /backpacks
[2025-09-02 16:57:51] [INFO] API Request: GET /trips
[2025-09-02 16:57:52] [INFO] API Request: GET /backpacks
[2025-09-02 16:57:53] [INFO] API Request: GET /trips
[2025-09-02 16:57:53] [INFO] API Request: GET /backpacks
[2025-09-02 16:57:56] [INFO] API Request: GET /trips
[2025-09-02 16:57:57] [INFO] API Request: GET /backpacks
[2025-09-02 16:57:57] [INFO] API Request: GET /backpacks
[2025-09-02 16:57:57] [INFO] API Request: GET /trips
[2025-09-02 16:57:57] [INFO] API Request: GET /trips
[2025-09-02 16:57:57] [INFO] API Request: GET /backpacks
[2025-09-02 16:58:01] [INFO] API Request: GET /trips
[2025-09-02 16:58:01] [INFO] API Request: GET /backpacks
[2025-09-02 16:58:02] [INFO] API Request: GET /trips/1
[2025-09-02 16:58:06] [INFO] API Request: GET /backpacks
[2025-09-02 16:58:08] [INFO] API Request: GET /trips
[2025-09-02 16:58:08] [INFO] API Request: GET /backpacks
[2025-09-02 16:58:08] [INFO] API Request: GET /trips
[2025-09-02 16:58:08] [INFO] API Request: GET /backpacks
[2025-09-02 16:58:10] [INFO] API Request: GET /backpacks
[2025-09-02 16:58:14] [INFO] API Request: DELETE /backpacks/5
[2025-09-02 16:58:14] [INFO] API Request: GET /backpacks
[2025-09-02 16:58:16] [INFO] API Request: DELETE /backpacks/6
[2025-09-02 16:58:16] [INFO] API Request: GET /backpacks
[2025-09-02 16:58:17] [INFO] API Request: DELETE /backpacks/7
[2025-09-02 16:58:17] [INFO] API Request: GET /backpacks
[2025-09-02 16:58:18] [INFO] API Request: DELETE /backpacks/8
[2025-09-02 16:58:18] [INFO] API Request: GET /backpacks
[2025-09-02 16:58:19] [INFO] API Request: DELETE /backpacks/9
[2025-09-02 16:58:19] [INFO] API Request: GET /backpacks
[2025-09-02 16:58:20] [INFO] API Request: DELETE /backpacks/10
[2025-09-02 16:58:20] [INFO] API Request: GET /backpacks
[2025-09-02 16:58:27] [INFO] API Request: PUT /backpacks/11
[2025-09-02 16:58:27] [INFO] API Request: GET /backpacks
[2025-09-02 16:58:56] [INFO] API Request: GET /backpacks
[2025-09-02 16:58:58] [INFO] API Request: GET /trips
[2025-09-02 16:58:58] [INFO] API Request: GET /backpacks
[2025-09-02 16:58:58] [INFO] API Request: GET /trips
[2025-09-02 16:58:58] [INFO] API Request: GET /backpacks
[2025-09-02 16:58:59] [INFO] API Request: GET /backpacks
[2025-09-02 16:58:59] [INFO] API Request: GET /trips
[2025-09-02 16:58:59] [INFO] API Request: GET /backpacks
[2025-09-02 16:58:59] [INFO] API Request: GET /trips
[2025-09-02 16:58:59] [INFO] API Request: GET /backpacks
[2025-09-02 16:59:05] [INFO] API Request: GET /backpacks
[2025-09-02 16:59:15] [INFO] API Request: GET /health
[2025-09-02 16:59:17] [INFO] API Request: GET /health
[2025-09-02 16:59:17] [INFO] API Request: GET /trips
[2025-09-02 16:59:17] [INFO] API Request: GET /backpacks
[2025-09-02 16:59:20] [INFO] API Request: GET /trips
[2025-09-02 16:59:20] [INFO] API Request: GET /backpacks
[2025-09-02 16:59:25] [INFO] API Request: POST /trips
[2025-09-02 16:59:27] [INFO] API Request: GET /trips
[2025-09-02 16:59:27] [INFO] API Request: GET /backpacks
[2025-09-02 16:59:28] [INFO] API Request: POST /backpacks
[2025-09-02 16:59:30] [INFO] API Request: GET /trips
[2025-09-02 16:59:30] [INFO] API Request: GET /backpacks
[2025-09-02 16:59:40] [INFO] API Request: GET /trips
[2025-09-02 16:59:40] [INFO] API Request: GET /backpacks
[2025-09-02 17:00:02] [INFO] API Request: GET /trips
[2025-09-02 17:00:02] [INFO] API Request: GET /backpacks
[2025-09-02 17:00:02] [INFO] API Request: GET /trips
[2025-09-02 17:00:02] [INFO] API Request: GET /backpacks
[2025-09-02 17:00:03] [INFO] API Request: GET /trips
[2025-09-02 17:00:03] [INFO] API Request: GET /backpacks
[2025-09-02 17:00:03] [INFO] API Request: GET /trips
[2025-09-02 17:00:03] [INFO] API Request: GET /backpacks
[2025-09-02 17:00:09] [INFO] API Request: GET /trips
[2025-09-02 17:00:09] [INFO] API Request: GET /backpacks
[2025-09-02 17:00:09] [INFO] API Request: GET /trips
[2025-09-02 17:00:09] [INFO] API Request: GET /backpacks
[2025-09-02 17:01:33] [INFO] API Request: GET /trips
[2025-09-02 17:01:33] [INFO] API Request: GET /backpacks
[2025-09-02 17:01:33] [INFO] API Request: GET /trips
[2025-09-02 17:01:33] [INFO] API Request: GET /backpacks
[2025-09-02 17:01:34] [INFO] API Request: GET /trips
[2025-09-02 17:01:34] [INFO] API Request: GET /backpacks
[2025-09-02 17:01:34] [INFO] API Request: GET /trips
[2025-09-02 17:01:34] [INFO] API Request: GET /backpacks
[2025-09-02 17:01:35] [INFO] API Request: GET /trips
[2025-09-02 17:01:35] [INFO] API Request: GET /backpacks
[2025-09-02 17:01:36] [INFO] API Request: GET /backpacks
[2025-09-02 17:01:37] [INFO] API Request: GET /trips
[2025-09-02 17:01:37] [INFO] API Request: GET /backpacks
[2025-09-02 17:01:37] [INFO] API Request: GET /trips
[2025-09-02 17:01:37] [INFO] API Request: GET /backpacks
[2025-09-02 17:05:39] [INFO] API Request: GET /health
[2025-09-02 17:05:47] [INFO] API Request: GET /health
[2025-09-02 17:05:58] [INFO] API Request: GET /backpack_schema
[2025-09-02 17:05:58] [ERROR] API Error: Route 'backpack_schema' not found
[2025-09-02 17:06:05] [INFO] API Request: GET /trips
[2025-09-02 17:06:05] [INFO] API Request: GET /backpacks
[2025-09-02 17:06:05] [INFO] API Request: GET /trips
[2025-09-02 17:06:05] [INFO] API Request: GET /backpacks
[2025-09-02 17:06:21] [INFO] API Request: GET /trips
[2025-09-02 17:06:21] [INFO] API Request: GET /backpacks
[2025-09-02 17:06:28] [INFO] API Request: GET /trips/1
[2025-09-02 17:07:56] [INFO] API Request: GET /trips
[2025-09-02 17:07:56] [INFO] API Request: GET /backpacks
[2025-09-02 17:07:57] [INFO] API Request: GET /backpacks
[2025-09-02 17:08:01] [INFO] API Request: GET /trips
[2025-09-02 17:08:01] [INFO] API Request: GET /backpacks
[2025-09-02 17:08:05] [INFO] API Request: GET /trips/1
[2025-09-02 17:08:40] [INFO] API Request: GET /trips
[2025-09-02 17:08:40] [INFO] API Request: GET /backpacks
[2025-09-02 17:08:49] [INFO] API Request: GET /trips
[2025-09-02 17:08:49] [INFO] API Request: GET /backpacks
[2025-09-02 17:08:49] [INFO] API Request: GET /trips
[2025-09-02 17:08:49] [INFO] API Request: GET /backpacks
[2025-09-02 17:09:02] [INFO] API Request: GET /trips
[2025-09-02 17:09:02] [INFO] API Request: GET /backpacks
[2025-09-02 17:09:03] [INFO] API Request: GET /backpacks
[2025-09-02 17:09:03] [INFO] API Request: GET /trips
[2025-09-02 17:09:03] [INFO] API Request: GET /backpacks
[2025-09-02 17:09:03] [INFO] API Request: GET /trips
[2025-09-02 17:09:03] [INFO] API Request: GET /backpacks
[2025-09-02 17:09:06] [INFO] API Request: GET /backpacks
[2025-09-02 17:09:06] [INFO] API Request: GET /trips
[2025-09-02 17:09:06] [INFO] API Request: GET /trips
[2025-09-02 17:09:06] [INFO] API Request: GET /backpacks
[2025-09-02 17:09:07] [INFO] API Request: GET /backpacks
[2025-09-02 17:09:07] [INFO] API Request: GET /trips
[2025-09-02 17:09:07] [INFO] API Request: GET /trips
[2025-09-02 17:09:07] [INFO] API Request: GET /backpacks
[2025-09-02 17:09:12] [INFO] API Request: GET /backpacks
[2025-09-02 17:09:12] [INFO] API Request: GET /trips
[2025-09-02 17:09:19] [INFO] API Request: GET /trips/1
[2025-09-02 17:09:23] [INFO] API Request: GET /trips
[2025-09-02 17:09:23] [INFO] API Request: GET /backpacks
[2025-09-02 17:09:23] [INFO] API Request: GET /trips
[2025-09-02 17:09:23] [INFO] API Request: GET /backpacks
[2025-09-02 17:09:31] [INFO] API Request: GET /trips
[2025-09-02 17:09:31] [INFO] API Request: GET /backpacks
[2025-09-02 17:09:33] [INFO] API Request: GET /trips/1
[2025-09-02 17:09:35] [INFO] API Request: GET /backpacks
[2025-09-02 17:10:21] [INFO] API Request: GET /backpacks
[2025-09-02 17:10:21] [INFO] API Request: POST /backpacks
[2025-09-02 17:10:21] [ERROR] API Error: Validation failed - {"name":"Name is required"}
[2025-09-02 17:10:21] [INFO] API Request: GET /backpacks
[2025-09-02 17:10:21] [INFO] API Request: PUT /backpacks
[2025-09-02 17:10:21] [ERROR] API Error: Backpack ID is required for update
[2025-09-02 17:10:21] [INFO] API Request: DELETE /backpacks
[2025-09-02 17:10:21] [ERROR] API Error: Backpack ID is required for delete
[2025-09-02 17:10:43] [INFO] API Request: GET /trips
[2025-09-02 17:10:43] [INFO] API Request: GET /backpacks
[2025-09-02 17:10:43] [INFO] API Request: GET /trips
[2025-09-02 17:10:43] [INFO] API Request: GET /backpacks
[2025-09-02 17:10:45] [INFO] API Request: GET /backpacks
[2025-09-02 17:10:45] [INFO] API Request: GET /trips
[2025-09-02 17:10:49] [INFO] API Request: GET /trips/1
[2025-09-02 17:11:15] [INFO] API Request: POST /trips
[2025-09-02 17:11:15] [INFO] API Request: GET /trips
[2025-09-02 17:11:20] [INFO] API Request: DELETE /trips/1
[2025-09-02 17:11:20] [INFO] API Request: GET /trips
[2025-09-02 17:11:32] [INFO] API Request: GET /trips/2
[2025-09-02 17:11:59] [INFO] API Request: GET /backpacks
[2025-09-02 17:11:59] [INFO] API Request: GET /trips
[2025-09-02 17:12:01] [INFO] API Request: GET /trips/3
[2025-09-02 17:13:44] [INFO] API Request: GET /trips
[2025-09-02 17:13:44] [INFO] API Request: GET /backpacks
[2025-09-02 17:13:45] [INFO] API Request: GET /trips
[2025-09-02 17:13:45] [INFO] API Request: GET /backpacks
[2025-09-02 17:13:45] [INFO] API Request: GET /trips
[2025-09-02 17:13:45] [INFO] API Request: GET /backpacks
[2025-09-02 17:13:46] [INFO] API Request: GET /trips
[2025-09-02 17:13:46] [INFO] API Request: GET /backpacks
[2025-09-02 17:13:47] [INFO] API Request: GET /backpacks
[2025-09-02 17:13:48] [INFO] API Request: GET /backpacks
[2025-09-02 17:13:48] [INFO] API Request: GET /trips
[2025-09-02 17:13:48] [INFO] API Request: GET /trips
[2025-09-02 17:13:48] [INFO] API Request: GET /backpacks
[2025-09-02 17:15:23] [INFO] API Request: GET /trips
[2025-09-02 17:15:23] [INFO] API Request: GET /backpacks
[2025-09-02 17:15:23] [INFO] API Request: GET /trips
[2025-09-02 17:15:23] [INFO] API Request: GET /backpacks
[2025-09-02 17:15:29] [INFO] API Request: GET /trips
[2025-09-02 17:15:29] [INFO] API Request: GET /backpacks
[2025-09-02 17:15:40] [INFO] API Request: GET /trips
[2025-09-02 17:15:40] [INFO] API Request: GET /backpacks
[2025-09-02 17:15:41] [INFO] API Request: GET /trips
[2025-09-02 17:15:41] [INFO] API Request: GET /backpacks
[2025-09-02 17:15:44] [INFO] API Request: GET /trips/2
[2025-09-02 17:16:34] [INFO] API Request: GET /trips
[2025-09-02 17:16:34] [INFO] API Request: GET /backpacks
[2025-09-02 17:16:34] [INFO] API Request: GET /trips
[2025-09-02 17:16:34] [INFO] API Request: GET /backpacks
[2025-09-02 17:16:36] [INFO] API Request: GET /trips
[2025-09-02 17:16:36] [INFO] API Request: GET /backpacks
[2025-09-02 17:22:20] [INFO] API Request: GET /trips
[2025-09-02 17:22:20] [INFO] API Request: GET /backpacks
[2025-09-02 17:22:23] [INFO] API Request: GET /trips/2
[2025-09-02 17:22:23] [ERROR] API Error: Route 'trips/2' not found
[2025-09-02 17:22:32] [INFO] API Request: GET /trips/2
[2025-09-02 17:22:32] [ERROR] API Error: Route 'trips/2' not found
[2025-09-02 17:22:33] [INFO] API Request: GET /trips/2
[2025-09-02 17:22:33] [ERROR] API Error: Route 'trips/2' not found
[2025-09-02 17:22:45] [INFO] API Request: GET /health
[2025-09-02 17:22:53] [INFO] API Request: GET /health
[2025-09-02 17:24:00] [INFO] API Request: GET /trips
[2025-09-02 17:24:00] [INFO] API Request: GET /backpacks
[2025-09-02 17:24:02] [INFO] API Request: GET /trips/2
[2025-09-02 17:25:20] [INFO] API Request: POST /trips
[2025-09-02 17:25:20] [INFO] API Request: GET /trips
[2025-09-02 17:25:22] [INFO] API Request: GET /health
[2025-09-02 17:25:22] [INFO] API Request: GET /health
[2025-09-02 17:25:22] [INFO] API Request: GET /health
[2025-09-02 17:25:24] [INFO] API Request: GET /trips/4
[2025-09-02 17:25:44] [INFO] API Request: GET /trips/4
[2025-09-02 17:25:56] [INFO] API Request: DELETE /trips/2
[2025-09-02 17:25:56] [INFO] API Request: GET /trips
[2025-09-02 17:25:59] [INFO] API Request: DELETE /trips/3
[2025-09-02 17:25:59] [INFO] API Request: GET /trips
[2025-09-02 17:26:03] [INFO] API Request: DELETE /trips/6
[2025-09-02 17:26:03] [INFO] API Request: GET /trips
[2025-09-02 17:26:04] [INFO] API Request: GET /trips/5
[2025-09-02 17:26:33] [INFO] API Request: GET /trips/4
[2025-09-02 17:26:39] [INFO] API Request: GET /backpacks
[2025-09-02 17:27:42] [INFO] API Request: GET /backpacks
[2025-09-02 17:27:43] [INFO] API Request: GET /trips
[2025-09-02 17:27:43] [INFO] API Request: GET /backpacks
[2025-09-02 17:27:44] [INFO] API Request: GET /backpacks
[2025-09-02 17:27:45] [INFO] API Request: GET /trips
[2025-09-02 17:27:45] [INFO] API Request: GET /backpacks
[2025-09-02 17:27:46] [INFO] API Request: GET /backpacks
[2025-09-02 17:27:46] [INFO] API Request: GET /trips
[2025-09-02 17:27:46] [INFO] API Request: GET /backpacks
[2025-09-02 17:27:48] [INFO] API Request: GET /backpacks
[2025-09-02 17:27:48] [INFO] API Request: GET /trips
[2025-09-02 17:27:48] [INFO] API Request: GET /trips
[2025-09-02 17:27:48] [INFO] API Request: GET /backpacks
[2025-09-02 17:27:49] [INFO] API Request: GET /backpacks
[2025-09-02 17:27:49] [INFO] API Request: GET /trips
[2025-09-02 17:27:49] [INFO] API Request: GET /backpacks
[2025-09-02 17:27:49] [INFO] API Request: GET /trips
[2025-09-02 17:27:49] [INFO] API Request: GET /backpacks
[2025-09-02 17:28:01] [INFO] API Request: GET /backpacks
[2025-09-02 17:31:17] [INFO] API Request: GET /trips
[2025-09-02 17:31:17] [INFO] API Request: GET /backpacks
[2025-09-02 17:31:17] [INFO] API Request: GET /trips
[2025-09-02 17:31:17] [INFO] API Request: GET /backpacks
[2025-09-02 17:31:18] [INFO] API Request: GET /trips
[2025-09-02 17:31:18] [INFO] API Request: GET /backpacks
[2025-09-02 17:31:18] [INFO] API Request: GET /trips
[2025-09-02 17:31:18] [INFO] API Request: GET /backpacks
[2025-09-02 17:31:19] [INFO] API Request: GET /trips
[2025-09-02 17:31:19] [INFO] API Request: GET /backpacks
[2025-09-02 17:31:22] [INFO] API Request: GET /trips/5
[2025-09-02 17:32:24] [INFO] API Request: GET /backpacks
[2025-09-02 17:32:27] [INFO] API Request: GET /health
[2025-09-02 17:32:30] [INFO] API Request: GET /backpack_schema
[2025-09-02 17:32:30] [ERROR] API Error: Route 'backpack_schema' not found
[2025-09-02 17:33:01] [INFO] API Request: GET /trips
[2025-09-02 17:33:01] [INFO] API Request: GET /backpacks
[2025-09-02 17:33:01] [INFO] API Request: GET /trips
[2025-09-02 17:33:01] [INFO] API Request: GET /backpacks
[2025-09-02 17:33:03] [INFO] API Request: GET /backpacks
[2025-09-02 17:33:22] [INFO] API Request: GET /backpacks
[2025-09-02 17:33:27] [INFO] API Request: GET /trips
[2025-09-02 17:33:27] [INFO] API Request: GET /backpacks
[2025-09-02 17:33:27] [INFO] API Request: GET /trips
[2025-09-02 17:33:27] [INFO] API Request: GET /backpacks
[2025-09-02 17:33:28] [INFO] API Request: GET /trips
[2025-09-02 17:33:28] [INFO] API Request: GET /backpacks
[2025-09-02 17:33:29] [INFO] API Request: GET /trips/4
[2025-09-02 17:34:22] [INFO] API Request: DELETE /trips/5
[2025-09-02 17:34:22] [INFO] API Request: GET /trips
[2025-09-02 17:35:26] [INFO] API Request: POST /trips
[2025-09-02 17:35:26] [INFO] API Request: GET /trips
[2025-09-02 17:35:33] [INFO] API Request: GET /trips/5
[2025-09-02 17:37:20] [INFO] API Request: GET /backpacks
[2025-09-02 17:37:20] [INFO] API Request: GET /trips
[2025-09-02 17:37:22] [INFO] API Request: GET /trips/4
[2025-09-02 17:37:43] [INFO] API Request: GET /trips/4
[2025-09-02 17:39:22] [INFO] API Request: GET /trips
[2025-09-02 17:39:22] [INFO] API Request: GET /backpacks
[2025-09-02 17:39:24] [INFO] API Request: GET /trips/4
[2025-09-02 17:39:59] [INFO] API Request: GET /trips
[2025-09-02 17:39:59] [INFO] API Request: GET /backpacks
[2025-09-02 17:40:03] [INFO] API Request: GET /trips/5
[2025-09-02 17:40:11] [INFO] API Request: GET /backpacks
[2025-09-02 17:40:39] [INFO] API Request: GET /backpacks
[2025-09-02 17:41:22] [INFO] API Request: GET /backpacks
[2025-09-02 17:41:22] [INFO] API Request: GET /backpacks
[2025-09-02 17:41:25] [INFO] API Request: GET /trips
[2025-09-02 17:41:25] [INFO] API Request: GET /backpacks
[2025-09-02 17:41:25] [INFO] API Request: GET /backpacks
[2025-09-02 17:41:32] [INFO] API Request: GET /backpacks
[2025-09-02 17:41:59] [INFO] API Request: GET /trips
[2025-09-02 17:41:59] [INFO] API Request: GET /backpacks
[2025-09-02 17:42:00] [INFO] API Request: GET /backpacks
[2025-09-02 17:42:34] [INFO] API Request: GET /trips
[2025-09-02 17:42:34] [INFO] API Request: GET /backpacks
[2025-09-02 17:42:34] [INFO] API Request: GET /trips
[2025-09-02 17:42:34] [INFO] API Request: GET /backpacks
[2025-09-02 17:42:35] [INFO] API Request: GET /trips
[2025-09-02 17:42:35] [INFO] API Request: GET /backpacks
[2025-09-02 17:42:35] [INFO] API Request: GET /backpacks
[2025-09-02 17:42:36] [INFO] API Request: GET /backpacks
[2025-09-02 17:42:36] [INFO] API Request: GET /trips
[2025-09-02 17:42:36] [INFO] API Request: GET /trips
[2025-09-02 17:42:36] [INFO] API Request: GET /backpacks
[2025-09-02 17:42:38] [INFO] API Request: GET /backpacks
[2025-09-02 17:42:38] [INFO] API Request: GET /trips
[2025-09-02 17:42:38] [INFO] API Request: GET /trips
[2025-09-02 17:42:38] [INFO] API Request: GET /backpacks
[2025-09-02 17:42:39] [INFO] API Request: GET /trips
[2025-09-02 17:42:39] [INFO] API Request: GET /backpacks
[2025-09-02 17:42:39] [INFO] API Request: GET /trips
[2025-09-02 17:42:39] [INFO] API Request: GET /backpacks
[2025-09-02 17:42:59] [INFO] API Request: GET /trips
[2025-09-02 17:42:59] [INFO] API Request: GET /backpacks
[2025-09-02 17:42:59] [INFO] API Request: GET /trips
[2025-09-02 17:42:59] [INFO] API Request: GET /backpacks
[2025-09-02 17:43:08] [INFO] API Request: GET /backpacks
[2025-09-02 17:43:08] [INFO] API Request: GET /trips
[2025-09-02 17:43:08] [INFO] API Request: GET /trips
[2025-09-02 17:43:08] [INFO] API Request: GET /backpacks
[2025-09-02 17:43:12] [INFO] API Request: GET /trips
[2025-09-02 17:43:12] [INFO] API Request: GET /backpacks
[2025-09-02 17:43:20] [INFO] API Request: GET /backpacks
[2025-09-02 17:43:20] [INFO] API Request: GET /trips
[2025-09-02 17:43:21] [INFO] API Request: GET /trips
[2025-09-02 17:43:21] [INFO] API Request: GET /backpacks
[2025-09-02 17:43:21] [INFO] API Request: GET /trips
[2025-09-02 17:43:21] [INFO] API Request: GET /backpacks
[2025-09-02 17:43:22] [INFO] API Request: GET /backpacks
[2025-09-02 17:43:22] [INFO] API Request: GET /trips
[2025-09-02 17:43:23] [INFO] API Request: GET /backpacks
[2025-09-02 17:43:23] [INFO] API Request: GET /trips
[2025-09-02 17:43:23] [INFO] API Request: GET /trips
[2025-09-02 17:43:23] [INFO] API Request: GET /backpacks
[2025-09-02 17:43:24] [INFO] API Request: GET /backpacks
[2025-09-02 17:43:27] [INFO] API Request: GET /trips
[2025-09-02 17:43:27] [INFO] API Request: GET /backpacks
[2025-09-02 17:43:29] [INFO] API Request: GET /backpacks
[2025-09-02 17:43:32] [INFO] API Request: GET /trips
[2025-09-02 17:43:32] [INFO] API Request: GET /backpacks
[2025-09-02 17:43:33] [INFO] API Request: GET /trips
[2025-09-02 17:43:33] [INFO] API Request: GET /backpacks
[2025-09-02 17:43:34] [INFO] API Request: GET /backpacks
[2025-09-02 17:43:34] [INFO] API Request: GET /trips
[2025-09-02 17:43:34] [INFO] API Request: GET /trips
[2025-09-02 17:43:34] [INFO] API Request: GET /backpacks
[2025-09-02 17:43:38] [INFO] API Request: GET /backpacks
[2025-09-02 17:44:12] [INFO] API Request: GET /backpacks
[2025-09-02 17:44:18] [INFO] API Request: POST /backpacks
[2025-09-02 17:44:18] [INFO] API Request: GET /backpacks
[2025-09-02 17:44:23] [INFO] API Request: GET /backpacks
[2025-09-02 17:45:32] [INFO] API Request: GET /trips
[2025-09-02 17:45:32] [INFO] API Request: GET /backpacks
[2025-09-02 17:45:32] [INFO] API Request: GET /trips
[2025-09-02 17:45:32] [INFO] API Request: GET /backpacks
[2025-09-02 17:45:35] [INFO] API Request: GET /trips
[2025-09-02 17:45:35] [INFO] API Request: GET /backpacks
[2025-09-02 17:45:35] [INFO] API Request: GET /trips
[2025-09-02 17:45:35] [INFO] API Request: GET /backpacks
[2025-09-02 17:45:35] [INFO] API Request: GET /trips
[2025-09-02 17:45:35] [INFO] API Request: GET /backpacks
[2025-09-02 17:45:38] [INFO] API Request: GET /trips
[2025-09-02 17:45:38] [INFO] API Request: GET /backpacks
[2025-09-02 17:45:39] [INFO] API Request: GET /trips
[2025-09-02 17:45:39] [INFO] API Request: GET /backpacks
[2025-09-02 17:45:39] [INFO] API Request: GET /trips
[2025-09-02 17:45:39] [INFO] API Request: GET /backpacks
[2025-09-02 17:45:41] [INFO] API Request: GET /trips
[2025-09-02 17:45:41] [INFO] API Request: GET /backpacks
[2025-09-02 17:45:46] [INFO] API Request: GET /trips/5
[2025-09-02 17:45:59] [INFO] API Request: GET /trips
[2025-09-02 17:45:59] [INFO] API Request: GET /backpacks
[2025-09-02 17:45:59] [INFO] API Request: GET /trips
[2025-09-02 17:45:59] [INFO] API Request: GET /backpacks
[2025-09-02 17:46:04] [INFO] API Request: GET /backpacks
[2025-09-02 17:46:04] [INFO] API Request: GET /trips
[2025-09-02 17:46:06] [INFO] API Request: GET /trips/4
[2025-09-02 17:46:55] [INFO] API Request: GET /backpacks
[2025-09-02 17:46:55] [INFO] API Request: GET /trips
[2025-09-02 17:46:55] [INFO] API Request: GET /backpacks
[2025-09-02 17:46:55] [INFO] API Request: GET /trips
[2025-09-02 17:47:00] [INFO] API Request: GET /trips
[2025-09-02 17:47:00] [INFO] API Request: GET /backpacks
[2025-09-02 17:47:00] [INFO] API Request: GET /trips
[2025-09-02 17:47:00] [INFO] API Request: GET /backpacks
[2025-09-02 17:47:01] [INFO] API Request: GET /trips
[2025-09-02 17:47:01] [INFO] API Request: GET /backpacks
[2025-09-02 17:47:02] [INFO] API Request: GET /backpacks
[2025-09-02 17:47:03] [INFO] API Request: GET /backpacks
[2025-09-02 17:47:03] [INFO] API Request: GET /trips
[2025-09-02 17:47:27] [INFO] API Request: POST /trips
[2025-09-02 17:47:27] [INFO] API Request: GET /trips
[2025-09-02 17:47:32] [INFO] API Request: DELETE /trips/6
[2025-09-02 17:47:32] [INFO] API Request: GET /trips
[2025-09-02 17:47:40] [INFO] API Request: GET /backpacks
[2025-09-02 17:47:40] [INFO] API Request: GET /trips
[2025-09-02 17:47:49] [INFO] API Request: GET /trips/4
[2025-09-02 17:48:46] [INFO] API Request: GET /trips
[2025-09-02 17:48:46] [INFO] API Request: GET /backpacks
[2025-09-02 17:49:28] [INFO] API Request: GET /trips
[2025-09-02 17:49:28] [INFO] API Request: GET /backpacks
[2025-09-02 17:50:53] [INFO] API Request: GET /trips
[2025-09-02 17:50:53] [INFO] API Request: GET /backpacks
[2025-09-02 17:52:15] [INFO] API Request: GET /trips
[2025-09-02 17:52:15] [INFO] API Request: GET /backpacks
[2025-09-02 17:55:43] [INFO] API Request: GET /trips
[2025-09-02 17:55:43] [INFO] API Request: GET /backpacks
[2025-09-02 17:57:50] [INFO] API Request: GET /trips
[2025-09-02 17:57:50] [INFO] API Request: GET /backpacks
[2025-09-02 17:59:43] [INFO] API Request: GET /trips
[2025-09-02 17:59:43] [INFO] API Request: GET /backpacks
[2025-09-02 17:59:55] [INFO] API Request: GET /trips
[2025-09-02 17:59:55] [INFO] API Request: GET /backpacks
[2025-09-02 18:04:32] [INFO] API Request: GET /trips
[2025-09-02 18:04:32] [INFO] API Request: GET /backpacks
[2025-09-02 18:04:32] [INFO] API Request: GET /trips
[2025-09-02 18:04:32] [INFO] API Request: GET /backpacks
[2025-09-02 18:04:34] [INFO] API Request: GET /trips
[2025-09-02 18:04:34] [INFO] API Request: GET /backpacks
[2025-09-02 18:06:03] [INFO] API Request: GET /trips
[2025-09-02 18:06:03] [INFO] API Request: GET /backpacks
[2025-09-02 18:06:03] [INFO] API Request: GET /trips
[2025-09-02 18:06:03] [INFO] API Request: GET /backpacks
[2025-09-02 18:06:04] [INFO] API Request: GET /backpacks
[2025-09-02 18:06:04] [INFO] API Request: GET /trips
[2025-09-02 18:06:04] [INFO] API Request: GET /backpacks
[2025-09-02 18:06:04] [INFO] API Request: GET /trips
[2025-09-02 18:06:04] [INFO] API Request: GET /backpacks
[2025-09-02 18:07:16] [INFO] API Request: GET /trips
[2025-09-02 18:07:16] [INFO] API Request: GET /backpacks
[2025-09-02 18:07:16] [INFO] API Request: GET /trips
[2025-09-02 18:07:16] [INFO] API Request: GET /backpacks
[2025-09-02 18:12:44] [INFO] API Request: GET /trips
[2025-09-02 18:12:44] [INFO] API Request: GET /backpacks
[2025-09-02 18:12:44] [INFO] API Request: GET /trips
[2025-09-02 18:12:44] [INFO] API Request: GET /backpacks
[2025-09-02 18:13:12] [INFO] API Request: GET /trips
[2025-09-02 18:13:12] [INFO] API Request: GET /backpacks
[2025-09-02 18:13:12] [INFO] API Request: GET /trips
[2025-09-02 18:13:13] [INFO] API Request: GET /backpacks
[2025-09-02 18:14:14] [INFO] API Request: GET /trips
[2025-09-02 18:14:14] [INFO] API Request: GET /backpacks
[2025-09-02 18:14:14] [INFO] API Request: GET /trips
[2025-09-02 18:14:14] [INFO] API Request: GET /backpacks
[2025-09-02 18:14:21] [INFO] API Request: GET /trips
[2025-09-02 18:14:21] [INFO] API Request: GET /backpacks
[2025-09-02 18:14:21] [INFO] API Request: GET /trips
[2025-09-02 18:14:21] [INFO] API Request: GET /backpacks
[2025-09-02 18:14:35] [INFO] API Request: GET /backpacks
[2025-09-02 18:16:00] [INFO] API Request: GET /trips
[2025-09-02 18:16:00] [INFO] API Request: GET /backpacks
[2025-09-02 18:16:49] [INFO] API Request: GET /backpacks
[2025-09-02 18:16:58] [INFO] API Request: DELETE /backpacks/14
[2025-09-02 18:16:58] [INFO] API Request: GET /backpacks
[2025-09-02 18:26:48] [INFO] API Request: GET /backpacks
[2025-09-02 18:26:49] [INFO] API Request: GET /backpacks
[2025-09-02 18:26:49] [INFO] API Request: GET /backpacks
[2025-09-02 18:26:50] [INFO] API Request: GET /backpacks
[2025-09-02 18:26:50] [INFO] API Request: GET /backpacks
[2025-09-02 18:26:50] [INFO] API Request: GET /backpacks
[2025-09-02 18:26:51] [INFO] API Request: GET /backpacks
[2025-09-02 18:26:51] [INFO] API Request: GET /backpacks
[2025-09-02 18:26:52] [INFO] API Request: GET /backpacks
[2025-09-02 18:26:52] [INFO] API Request: GET /backpacks
[2025-09-02 18:26:53] [INFO] API Request: GET /backpacks
[2025-09-02 18:26:53] [INFO] API Request: GET /backpacks
[2025-09-02 18:26:55] [INFO] API Request: GET /backpacks
[2025-09-02 18:26:56] [INFO] API Request: GET /backpacks
[2025-09-02 18:26:57] [INFO] API Request: GET /backpacks
[2025-09-02 18:26:59] [INFO] API Request: GET /backpacks
[2025-09-02 18:27:00] [INFO] API Request: GET /backpacks
[2025-09-02 18:27:01] [INFO] API Request: GET /backpacks
[2025-09-02 18:27:02] [INFO] API Request: GET /backpacks
[2025-09-02 18:27:02] [INFO] API Request: GET /backpacks
[2025-09-02 18:27:03] [INFO] API Request: GET /backpacks
[2025-09-02 18:27:03] [INFO] API Request: GET /backpacks
[2025-09-02 18:27:04] [INFO] API Request: GET /backpacks
[2025-09-02 18:27:04] [INFO] API Request: GET /backpacks
[2025-09-02 18:27:05] [INFO] API Request: GET /backpacks
[2025-09-02 18:27:05] [INFO] API Request: GET /backpacks
[2025-09-02 18:27:06] [INFO] API Request: GET /backpacks
[2025-09-02 18:27:06] [INFO] API Request: GET /backpacks
[2025-09-02 18:27:07] [INFO] API Request: GET /backpacks
[2025-09-02 18:27:07] [INFO] API Request: GET /backpacks
[2025-09-02 18:27:08] [INFO] API Request: GET /backpacks
[2025-09-02 18:27:08] [INFO] API Request: GET /backpacks
[2025-09-02 18:27:08] [INFO] API Request: GET /backpacks
[2025-09-02 18:27:08] [INFO] API Request: GET /backpacks
[2025-09-02 18:27:09] [INFO] API Request: GET /backpacks
[2025-09-02 18:27:47] [INFO] API Request: GET /backpacks
[2025-09-02 18:27:48] [INFO] API Request: GET /backpacks
[2025-09-02 18:27:48] [INFO] API Request: GET /backpacks
[2025-09-02 18:27:50] [INFO] API Request: GET /trips
[2025-09-02 18:27:50] [INFO] API Request: GET /backpacks
[2025-09-02 18:27:50] [INFO] API Request: GET /trips
[2025-09-02 18:27:50] [INFO] API Request: GET /backpacks
[2025-09-02 18:27:51] [INFO] API Request: GET /backpacks
[2025-09-02 18:27:51] [INFO] API Request: GET /trips
[2025-09-02 18:27:51] [INFO] API Request: GET /trips
[2025-09-02 18:27:51] [INFO] API Request: GET /backpacks
[2025-09-02 18:27:52] [INFO] API Request: GET /backpacks
[2025-09-02 18:27:52] [INFO] API Request: GET /trips
[2025-09-02 18:27:55] [INFO] API Request: GET /trips/4
[2025-09-02 18:28:14] [INFO] API Request: GET /backpacks
[2025-09-02 18:28:14] [INFO] API Request: GET /trips
[2025-09-02 18:28:14] [INFO] API Request: GET /trips
[2025-09-02 18:28:14] [INFO] API Request: GET /backpacks
[2025-09-02 18:28:15] [INFO] API Request: GET /trips
[2025-09-02 18:28:15] [INFO] API Request: GET /backpacks
[2025-09-02 18:28:15] [INFO] API Request: GET /trips
[2025-09-02 18:28:15] [INFO] API Request: GET /backpacks
[2025-09-02 18:28:15] [INFO] API Request: GET /trips
[2025-09-02 18:28:15] [INFO] API Request: GET /backpacks
[2025-09-02 18:29:03] [INFO] API Request: GET /trips
[2025-09-02 18:29:03] [INFO] API Request: GET /backpacks
[2025-09-02 18:29:03] [INFO] API Request: GET /trips
[2025-09-02 18:29:03] [INFO] API Request: GET /backpacks
[2025-09-02 18:29:06] [INFO] API Request: GET /trips
[2025-09-02 18:29:06] [INFO] API Request: GET /backpacks
[2025-09-02 18:29:11] [INFO] API Request: GET /backpacks
[2025-09-02 18:29:14] [INFO] API Request: GET /trips
[2025-09-02 18:29:14] [INFO] API Request: GET /backpacks
[2025-09-02 18:29:14] [INFO] API Request: GET /trips
[2025-09-02 18:29:14] [INFO] API Request: GET /backpacks
[2025-09-02 18:30:07] [INFO] API Request: GET /backpacks
[2025-09-02 18:30:23] [INFO] API Request: GET /backpacks
[2025-09-02 18:30:24] [INFO] API Request: GET /backpacks
[2025-09-02 18:30:25] [INFO] API Request: GET /backpacks
[2025-09-02 18:30:25] [INFO] API Request: GET /backpacks
[2025-09-02 18:30:25] [INFO] API Request: GET /backpacks
[2025-09-02 18:36:43] [INFO] API Request: GET /backpacks
[2025-09-02 18:36:44] [INFO] API Request: GET /backpacks
[2025-09-02 18:36:50] [INFO] API Request: GET /backpacks
[2025-09-02 18:38:38] [INFO] API Request: GET /backpacks
[2025-09-02 18:38:42] [INFO] API Request: GET /backpacks/11
[2025-09-02 18:39:00] [INFO] API Request: GET /backpacks/11
[2025-09-02 18:39:05] [INFO] API Request: GET /backpacks/11
[2025-09-02 18:39:06] [INFO] API Request: GET /backpacks
[2025-09-02 18:39:10] [INFO] API Request: GET /backpacks
[2025-09-02 18:39:11] [INFO] API Request: GET /backpacks/11
[2025-09-02 18:39:58] [INFO] API Request: GET /backpacks
[2025-09-02 18:40:02] [INFO] API Request: GET /backpacks
[2025-09-02 18:40:03] [INFO] API Request: GET /backpacks/11
[2025-09-02 18:40:11] [INFO] API Request: GET /backpacks/15
[2025-09-02 18:40:13] [INFO] API Request: GET /backpacks
[2025-09-02 18:40:14] [INFO] API Request: GET /backpacks
[2025-09-02 18:40:27] [INFO] API Request: GET /backpacks
[2025-09-02 18:49:00] [INFO] API Request: GET /backpacks
[2025-09-02 18:49:01] [INFO] API Request: GET /backpacks/11
[2025-09-02 18:49:10] [INFO] API Request: GET /backpacks
[2025-09-02 18:49:11] [INFO] API Request: GET /backpacks
[2025-09-02 18:49:13] [INFO] API Request: GET /backpacks
[2025-09-02 18:49:14] [INFO] API Request: GET /backpacks/15
[2025-09-02 18:54:14] [INFO] API Request: GET /backpacks
[2025-09-02 18:54:16] [INFO] API Request: GET /backpacks/15
[2025-09-02 18:56:28] [INFO] API Request: GET /backpacks
[2025-09-02 18:56:29] [INFO] API Request: GET /backpacks/11
[2025-09-02 18:56:33] [INFO] API Request: GET /backpacks/15
[2025-09-02 18:56:34] [INFO] API Request: GET /backpacks
[2025-09-02 18:59:05] [INFO] API Request: GET /backpacks
[2025-09-02 18:59:06] [INFO] API Request: GET /backpacks
[2025-09-02 18:59:07] [INFO] API Request: GET /backpacks
[2025-09-02 18:59:07] [INFO] API Request: GET /backpacks
[2025-09-02 18:59:07] [INFO] API Request: GET /backpacks
[2025-09-02 18:59:08] [INFO] API Request: GET /backpacks/11
[2025-09-02 18:59:11] [INFO] API Request: GET /backpacks
[2025-09-02 19:03:11] [INFO] API Request: GET /backpacks
[2025-09-02 19:03:12] [INFO] API Request: GET /backpacks/11
[2025-09-02 19:03:14] [INFO] API Request: GET /backpacks
[2025-09-02 19:03:17] [INFO] API Request: GET /backpacks
[2025-09-02 19:03:26] [INFO] API Request: GET /backpacks/11
[2025-09-02 19:03:29] [INFO] API Request: GET /backpacks
[2025-09-02 19:04:41] [INFO] API Request: GET /backpacks
[2025-09-02 19:04:43] [INFO] API Request: GET /backpacks/11
[2025-09-02 19:04:45] [INFO] API Request: GET /backpacks
[2025-09-02 19:26:17] [INFO] API Request: GET /trips
[2025-09-02 19:26:17] [INFO] API Request: GET /backpacks
[2025-09-02 19:26:17] [INFO] API Request: GET /trips
[2025-09-02 19:26:17] [INFO] API Request: GET /backpacks
[2025-09-02 19:26:18] [INFO] API Request: GET /trips
[2025-09-02 19:26:18] [INFO] API Request: GET /backpacks
[2025-09-02 19:26:20] [INFO] API Request: GET /trips
[2025-09-02 19:26:20] [INFO] API Request: GET /backpacks
[2025-09-02 19:26:20] [INFO] API Request: GET /trips
[2025-09-02 19:26:20] [INFO] API Request: GET /backpacks
[2025-09-02 19:26:24] [INFO] API Request: GET /trips
[2025-09-02 19:26:24] [INFO] API Request: GET /backpacks
[2025-09-02 19:26:24] [INFO] API Request: GET /trips
[2025-09-02 19:26:24] [INFO] API Request: GET /backpacks
[2025-09-02 19:26:26] [INFO] API Request: GET /trips
[2025-09-02 19:26:26] [INFO] API Request: GET /backpacks
[2025-09-02 19:26:26] [INFO] API Request: GET /trips
[2025-09-02 19:26:26] [INFO] API Request: GET /backpacks
[2025-09-02 19:26:27] [INFO] API Request: GET /trips
[2025-09-02 19:26:27] [INFO] API Request: GET /backpacks
[2025-09-02 19:26:27] [INFO] API Request: GET /trips
[2025-09-02 19:26:27] [INFO] API Request: GET /backpacks
[2025-09-02 19:26:32] [INFO] API Request: GET /trips
[2025-09-02 19:26:32] [INFO] API Request: GET /backpacks
[2025-09-02 19:26:32] [INFO] API Request: GET /trips
[2025-09-02 19:26:32] [INFO] API Request: GET /backpacks
[2025-09-02 19:29:22] [INFO] API Request: GET /trips
[2025-09-02 19:29:22] [INFO] API Request: GET /backpacks
[2025-09-02 19:29:25] [INFO] API Request: GET /trips
[2025-09-02 19:29:25] [INFO] API Request: GET /backpacks
[2025-09-02 19:29:25] [INFO] API Request: GET /trips
[2025-09-02 19:29:25] [INFO] API Request: GET /backpacks
[2025-09-02 19:34:45] [INFO] API Request: GET /trips
[2025-09-02 19:34:45] [INFO] API Request: GET /backpacks
[2025-09-02 19:34:46] [INFO] API Request: GET /trips
[2025-09-02 19:34:46] [INFO] API Request: GET /backpacks
[2025-09-02 19:34:46] [INFO] API Request: GET /trips
[2025-09-02 19:34:46] [INFO] API Request: GET /backpacks
[2025-09-02 19:34:47] [INFO] API Request: GET /trips
[2025-09-02 19:34:47] [INFO] API Request: GET /backpacks
[2025-09-02 19:34:47] [INFO] API Request: GET /trips
[2025-09-02 19:34:47] [INFO] API Request: GET /backpacks
[2025-09-02 19:49:03] [INFO] API Request: GET /backpacks
[2025-09-02 19:49:03] [INFO] API Request: GET /trips
[2025-09-02 19:49:03] [INFO] API Request: GET /trips
[2025-09-02 19:49:03] [INFO] API Request: GET /backpacks
[2025-09-02 19:49:04] [INFO] API Request: GET /trips
[2025-09-02 19:49:04] [INFO] API Request: GET /backpacks
[2025-09-02 19:49:04] [INFO] API Request: GET /trips
[2025-09-02 19:49:04] [INFO] API Request: GET /backpacks
[2025-09-02 19:50:45] [INFO] API Request: GET /trips
[2025-09-02 19:50:45] [INFO] API Request: GET /backpacks
[2025-09-02 19:50:45] [INFO] API Request: GET /trips
[2025-09-02 19:50:45] [INFO] API Request: GET /backpacks
[2025-09-02 19:50:47] [INFO] API Request: GET /trips
[2025-09-02 19:50:47] [INFO] API Request: GET /backpacks
[2025-09-02 19:57:05] [INFO] API Request: GET /trips
[2025-09-02 19:57:05] [INFO] API Request: GET /backpacks
[2025-09-02 19:57:05] [INFO] API Request: GET /trips
[2025-09-02 19:57:05] [INFO] API Request: GET /backpacks
[2025-09-02 20:04:26] [INFO] API Request: GET /gear
[2025-09-02 20:04:39] [INFO] API Request: GET /trips
[2025-09-02 20:04:39] [INFO] API Request: GET /backpacks
[2025-09-02 20:04:39] [INFO] API Request: GET /trips
[2025-09-02 20:04:39] [INFO] API Request: GET /backpacks
[2025-09-02 20:05:46] [INFO] API Request: GET /trips
[2025-09-02 20:05:46] [INFO] API Request: GET /backpacks
[2025-09-02 20:05:46] [INFO] API Request: GET /trips
[2025-09-02 20:05:46] [INFO] API Request: GET /backpacks
[2025-09-02 20:05:53] [INFO] API Request: GET /trips
[2025-09-02 20:05:53] [INFO] API Request: GET /backpacks
[2025-09-02 20:05:53] [INFO] API Request: GET /trips
[2025-09-02 20:05:53] [INFO] API Request: GET /backpacks
[2025-09-02 20:07:25] [INFO] API Request: GET /trips
[2025-09-02 20:07:25] [INFO] API Request: GET /backpacks
[2025-09-02 20:07:25] [INFO] API Request: GET /trips
[2025-09-02 20:07:25] [INFO] API Request: GET /backpacks
[2025-09-02 20:07:32] [INFO] API Request: GET /backpacks
[2025-09-02 20:07:32] [INFO] API Request: GET /trips
[2025-09-02 20:07:37] [INFO] API Request: GET /trips/4
[2025-09-02 20:07:42] [INFO] API Request: GET /trips/4
[2025-09-02 20:08:07] [INFO] API Request: GET /trips
[2025-09-02 20:08:07] [INFO] API Request: GET /backpacks
[2025-09-02 20:08:09] [INFO] API Request: GET /trips
[2025-09-02 20:08:09] [INFO] API Request: GET /backpacks
[2025-09-02 20:08:09] [INFO] API Request: GET /trips
[2025-09-02 20:08:09] [INFO] API Request: GET /backpacks
[2025-09-02 20:08:44] [INFO] API Request: GET /trips
[2025-09-02 20:08:44] [INFO] API Request: GET /backpacks
[2025-09-02 20:09:55] [INFO] API Request: GET /trips
[2025-09-02 20:09:55] [INFO] API Request: GET /backpacks
[2025-09-02 20:10:01] [INFO] API Request: GET /trips
[2025-09-02 20:10:01] [INFO] API Request: GET /backpacks
[2025-09-02 20:10:01] [INFO] API Request: GET /trips
[2025-09-02 20:10:01] [INFO] API Request: GET /backpacks
[2025-09-02 20:10:02] [INFO] API Request: GET /backpacks
[2025-09-02 20:10:02] [INFO] API Request: GET /trips
[2025-09-02 20:10:05] [INFO] API Request: GET /trips/5
[2025-09-02 20:10:56] [INFO] API Request: GET /trips
[2025-09-02 20:10:56] [INFO] API Request: GET /backpacks
[2025-09-02 20:10:57] [INFO] API Request: GET /backpacks
[2025-09-02 20:10:57] [INFO] API Request: GET /trips
[2025-09-02 20:10:57] [INFO] API Request: GET /trips
[2025-09-02 20:10:57] [INFO] API Request: GET /backpacks
[2025-09-02 20:11:03] [INFO] API Request: GET /trips
[2025-09-02 20:11:03] [INFO] API Request: GET /backpacks
[2025-09-02 20:11:52] [INFO] API Request: GET /backpacks
[2025-09-02 20:11:52] [INFO] API Request: GET /trips
[2025-09-02 20:11:52] [INFO] API Request: GET /trips
[2025-09-02 20:11:52] [INFO] API Request: GET /backpacks
[2025-09-02 20:11:54] [INFO] API Request: GET /trips
[2025-09-02 20:11:54] [INFO] API Request: GET /backpacks
[2025-09-02 20:12:07] [INFO] API Request: GET /trips
[2025-09-02 20:12:07] [INFO] API Request: GET /backpacks
[2025-09-02 20:12:07] [INFO] API Request: GET /trips
[2025-09-02 20:12:07] [INFO] API Request: GET /backpacks
[2025-09-02 20:12:29] [INFO] API Request: GET /trips
[2025-09-02 20:12:29] [INFO] API Request: GET /backpacks
[2025-09-02 20:12:29] [INFO] API Request: GET /trips
[2025-09-02 20:12:29] [INFO] API Request: GET /backpacks
[2025-09-02 20:19:49] [INFO] API Request: GET /trips
[2025-09-02 20:19:49] [INFO] API Request: GET /backpacks
[2025-09-02 20:19:50] [INFO] API Request: GET /backpacks
[2025-09-02 20:19:50] [INFO] API Request: GET /backpacks
[2025-09-02 20:19:53] [INFO] API Request: GET /backpacks
[2025-09-02 20:19:53] [INFO] API Request: GET /trips
[2025-09-02 20:19:53] [INFO] API Request: GET /trips
[2025-09-02 20:19:53] [INFO] API Request: GET /backpacks
[2025-09-02 20:20:26] [INFO] API Request: GET /trips
[2025-09-02 20:20:26] [INFO] API Request: GET /backpacks
[2025-09-02 20:20:30] [INFO] API Request: GET /trips/4
[2025-09-02 20:20:55] [INFO] API Request: GET /backpacks
[2025-09-02 20:20:55] [INFO] API Request: GET /backpacks
[2025-09-02 20:21:02] [INFO] API Request: GET /trips
[2025-09-02 20:21:02] [INFO] API Request: GET /backpacks
[2025-09-02 20:21:03] [INFO] API Request: GET /trips
[2025-09-02 20:21:03] [INFO] API Request: GET /backpacks
[2025-09-02 20:21:04] [INFO] API Request: GET /trips
[2025-09-02 20:21:04] [INFO] API Request: GET /backpacks
[2025-09-02 20:21:04] [INFO] API Request: GET /trips
[2025-09-02 20:21:04] [INFO] API Request: GET /backpacks
[2025-09-02 20:21:05] [INFO] API Request: GET /backpacks
[2025-09-02 20:21:05] [INFO] API Request: GET /trips
[2025-09-02 20:21:05] [INFO] API Request: GET /backpacks
[2025-09-02 20:21:05] [INFO] API Request: GET /trips
[2025-09-02 20:21:07] [INFO] API Request: GET /backpacks
[2025-09-02 20:21:07] [INFO] API Request: GET /backpacks
[2025-09-02 20:21:08] [INFO] API Request: GET /backpacks
[2025-09-02 20:21:08] [INFO] API Request: GET /backpacks
[2025-09-02 20:21:09] [INFO] API Request: GET /backpacks
[2025-09-02 20:21:09] [INFO] API Request: GET /backpacks
[2025-09-02 20:21:10] [INFO] API Request: GET /backpacks
[2025-09-02 20:21:10] [INFO] API Request: GET /backpacks
[2025-09-02 20:21:10] [INFO] API Request: GET /backpacks
[2025-09-02 20:21:10] [INFO] API Request: GET /backpacks
[2025-09-02 20:22:27] [INFO] API Request: GET /backpacks
[2025-09-02 20:22:27] [INFO] API Request: GET /gear
[2025-09-02 20:22:27] [INFO] API Request: GET /backpacks
[2025-09-02 20:22:28] [INFO] API Request: GET /trips
[2025-09-02 20:22:28] [INFO] API Request: GET /backpacks
[2025-09-02 20:22:28] [INFO] API Request: GET /trips
[2025-09-02 20:22:28] [INFO] API Request: GET /backpacks
[2025-09-02 20:22:29] [INFO] API Request: GET /trips
[2025-09-02 20:22:29] [INFO] API Request: GET /backpacks
[2025-09-02 20:22:30] [INFO] API Request: GET /backpacks
[2025-09-02 20:22:30] [INFO] API Request: GET /backpacks
[2025-09-02 20:22:30] [INFO] API Request: GET /gear
[2025-09-02 20:22:32] [INFO] API Request: GET /trips
[2025-09-02 20:22:32] [INFO] API Request: GET /backpacks
[2025-09-02 20:22:32] [INFO] API Request: GET /trips
[2025-09-02 20:22:32] [INFO] API Request: GET /backpacks
[2025-09-02 20:22:33] [INFO] API Request: GET /backpacks
[2025-09-02 20:22:33] [INFO] API Request: GET /gear
[2025-09-02 20:22:33] [INFO] API Request: GET /backpacks
[2025-09-02 20:22:34] [INFO] API Request: GET /trips
[2025-09-02 20:22:34] [INFO] API Request: GET /backpacks
[2025-09-02 20:22:35] [INFO] API Request: GET /trips
[2025-09-02 20:22:35] [INFO] API Request: GET /backpacks
[2025-09-02 20:22:35] [INFO] API Request: GET /trips
[2025-09-02 20:22:35] [INFO] API Request: GET /backpacks
[2025-09-02 20:22:36] [INFO] API Request: GET /backpacks
[2025-09-02 20:22:36] [INFO] API Request: GET /trips
[2025-09-02 20:22:38] [INFO] API Request: GET /backpacks
[2025-09-02 20:22:38] [INFO] API Request: GET /gear
[2025-09-02 20:22:38] [INFO] API Request: GET /backpacks
[2025-09-02 20:22:39] [INFO] API Request: GET /backpacks
[2025-09-02 20:22:39] [INFO] API Request: GET /trips
[2025-09-02 20:22:40] [INFO] API Request: GET /trips
[2025-09-02 20:22:40] [INFO] API Request: GET /backpacks
[2025-09-02 20:22:40] [INFO] API Request: GET /trips
[2025-09-02 20:22:40] [INFO] API Request: GET /backpacks
[2025-09-02 20:22:44] [INFO] API Request: GET /trips
[2025-09-02 20:22:44] [INFO] API Request: GET /backpacks
[2025-09-02 20:22:44] [INFO] API Request: GET /trips
[2025-09-02 20:22:44] [INFO] API Request: GET /backpacks
[2025-09-02 20:24:07] [INFO] API Request: GET /backpacks
[2025-09-02 20:24:07] [INFO] API Request: GET /gear
[2025-09-02 20:24:07] [INFO] API Request: GET /backpacks
[2025-09-02 20:24:58] [INFO] API Request: GET /backpacks
[2025-09-02 20:25:39] [INFO] API Request: GET /backpacks
[2025-09-02 20:25:45] [INFO] API Request: GET /backpacks
[2025-09-02 20:25:55] [INFO] API Request: GET /backpacks
[2025-09-02 20:27:12] [INFO] API Request: GET /trips
[2025-09-02 20:27:12] [INFO] API Request: GET /backpacks
[2025-09-02 20:27:20] [INFO] API Request: GET /trips
[2025-09-02 20:27:20] [INFO] API Request: GET /backpacks
[2025-09-02 20:27:32] [INFO] API Request: GET /trips/4
[2025-09-02 20:27:36] [INFO] API Request: GET /trips
[2025-09-02 20:27:36] [INFO] API Request: GET /backpacks
[2025-09-02 20:27:38] [INFO] API Request: GET /backpacks
[2025-09-02 20:27:38] [INFO] API Request: GET /trips
[2025-09-02 20:28:44] [INFO] API Request: GET /trips
[2025-09-02 20:28:44] [INFO] API Request: GET /backpacks
[2025-09-02 20:29:31] [INFO] API Request: GET /backpacks
[2025-09-02 20:29:31] [INFO] API Request: GET /gear
[2025-09-02 20:29:31] [INFO] API Request: GET /backpacks
[2025-09-02 20:30:18] [INFO] API Request: GET /trips
[2025-09-02 20:30:18] [INFO] API Request: GET /backpacks
[2025-09-02 20:30:18] [INFO] API Request: GET /trips
[2025-09-02 20:30:18] [INFO] API Request: GET /backpacks
[2025-09-02 20:30:20] [INFO] API Request: GET /trips
[2025-09-02 20:30:20] [INFO] API Request: GET /backpacks
[2025-09-02 20:30:21] [INFO] API Request: GET /backpacks
[2025-09-02 20:30:21] [INFO] API Request: GET /gear
[2025-09-02 20:30:21] [INFO] API Request: GET /backpacks
[2025-09-02 20:30:23] [INFO] API Request: GET /trips
[2025-09-02 20:30:23] [INFO] API Request: GET /backpacks
[2025-09-02 20:30:30] [INFO] API Request: GET /trips
[2025-09-02 20:30:30] [INFO] API Request: GET /backpacks
[2025-09-02 20:30:30] [INFO] API Request: GET /trips
[2025-09-02 20:30:30] [INFO] API Request: GET /backpacks
[2025-09-02 20:30:31] [INFO] API Request: GET /trips
[2025-09-02 20:30:34] [INFO] API Request: GET /trips
[2025-09-02 20:30:34] [INFO] API Request: GET /backpacks
[2025-09-02 20:30:36] [INFO] API Request: GET /trips/4
[2025-09-02 20:30:45] [INFO] API Request: GET /trips/5
[2025-09-02 20:31:08] [INFO] API Request: GET /trips
[2025-09-02 20:31:08] [INFO] API Request: GET /backpacks
[2025-09-02 20:31:09] [INFO] API Request: GET /trips/4
[2025-09-02 20:31:27] [INFO] API Request: PUT /trips/4
[2025-09-02 20:31:27] [INFO] API Request: GET /trips
[2025-09-02 20:31:30] [INFO] API Request: GET /trips/5
[2025-09-02 20:32:15] [INFO] API Request: GET /trips
[2025-09-02 20:32:15] [INFO] API Request: GET /backpacks
[2025-09-02 20:32:16] [INFO] API Request: GET /trips
[2025-09-02 20:32:16] [INFO] API Request: GET /backpacks
[2025-09-02 20:32:16] [INFO] API Request: GET /trips
[2025-09-02 20:32:16] [INFO] API Request: GET /backpacks
[2025-09-02 20:32:17] [INFO] API Request: GET /trips
[2025-09-02 20:32:17] [INFO] API Request: GET /backpacks
[2025-09-02 20:32:17] [INFO] API Request: GET /backpacks
[2025-09-02 20:32:17] [INFO] API Request: GET /gear
[2025-09-02 20:32:17] [INFO] API Request: GET /backpacks
[2025-09-02 20:32:30] [INFO] API Request: GET /backpacks
[2025-09-02 20:32:34] [INFO] API Request: GET /backpacks
[2025-09-02 20:32:34] [INFO] API Request: GET /trips
[2025-09-02 20:32:38] [INFO] API Request: GET /trips
[2025-09-02 20:32:38] [INFO] API Request: GET /backpacks
[2025-09-02 20:32:39] [INFO] API Request: GET /trips/4
[2025-09-02 20:32:42] [INFO] API Request: GET /trips/4
[2025-09-02 20:32:56] [INFO] API Request: POST /trips
[2025-09-02 20:32:56] [INFO] API Request: GET /trips
[2025-09-02 20:33:02] [INFO] API Request: GET /trips/6
[2025-09-02 20:33:27] [INFO] API Request: GET /trips
[2025-09-02 20:33:27] [INFO] API Request: GET /backpacks
[2025-09-02 20:33:28] [INFO] API Request: GET /backpacks
[2025-09-02 20:33:28] [INFO] API Request: GET /gear
[2025-09-02 20:33:28] [INFO] API Request: GET /backpacks
[2025-09-02 20:34:09] [INFO] API Request: GET /backpacks
[2025-09-02 20:34:09] [INFO] API Request: GET /trips
[2025-09-02 20:34:20] [INFO] API Request: GET /trips
[2025-09-02 20:34:20] [INFO] API Request: GET /backpacks
[2025-09-02 20:34:24] [INFO] API Request: GET /trips/4
[2025-09-02 20:34:30] [INFO] API Request: GET /trips/4
[2025-09-02 20:34:31] [INFO] API Request: GET /backpacks
[2025-09-02 20:34:31] [INFO] API Request: GET /backpacks
[2025-09-02 20:34:31] [INFO] API Request: GET /gear
[2025-09-02 20:34:33] [INFO] API Request: GET /backpacks
[2025-09-02 20:34:34] [INFO] API Request: GET /trips
[2025-09-02 20:34:34] [INFO] API Request: GET /backpacks
[2025-09-02 20:34:34] [INFO] API Request: GET /trips
[2025-09-02 20:34:34] [INFO] API Request: GET /backpacks
[2025-09-02 20:34:36] [INFO] API Request: GET /trips
[2025-09-02 20:34:36] [INFO] API Request: GET /backpacks
[2025-09-02 20:34:40] [INFO] API Request: GET /trips/4
[2025-09-02 20:34:50] [INFO] API Request: DELETE /trips/6
[2025-09-02 20:34:50] [INFO] API Request: GET /trips
[2025-09-02 20:35:22] [INFO] API Request: GET /trips
[2025-09-02 20:35:22] [INFO] API Request: GET /backpacks
[2025-09-02 20:36:03] [INFO] API Request: GET /trips
[2025-09-02 20:36:03] [INFO] API Request: GET /backpacks
[2025-09-02 20:36:06] [INFO] API Request: GET /trips/4
[2025-09-02 20:36:18] [INFO] API Request: GET /backpacks
[2025-09-02 20:36:18] [INFO] API Request: GET /gear
[2025-09-02 20:36:18] [INFO] API Request: GET /backpacks
[2025-09-02 20:36:26] [INFO] API Request: GET /backpacks
[2025-09-02 20:36:27] [INFO] API Request: GET /trips
[2025-09-02 20:36:27] [INFO] API Request: GET /backpacks
[2025-09-02 20:36:27] [INFO] API Request: GET /trips
[2025-09-02 20:36:27] [INFO] API Request: GET /backpacks
[2025-09-02 20:36:28] [INFO] API Request: GET /backpacks
[2025-09-02 20:36:28] [INFO] API Request: GET /backpacks
[2025-09-02 20:36:28] [INFO] API Request: GET /gear
[2025-09-02 20:36:33] [INFO] API Request: GET /backpacks
[2025-09-02 20:36:33] [INFO] API Request: GET /gear
[2025-09-02 20:36:33] [INFO] API Request: GET /backpacks
[2025-09-02 20:36:53] [INFO] API Request: GET /backpacks
[2025-09-02 20:36:54] [INFO] API Request: GET /trips
[2025-09-02 20:36:54] [INFO] API Request: GET /backpacks
[2025-09-02 20:36:54] [INFO] API Request: GET /trips
[2025-09-02 20:36:54] [INFO] API Request: GET /backpacks
[2025-09-02 20:36:54] [INFO] API Request: GET /trips
[2025-09-02 20:36:54] [INFO] API Request: GET /backpacks
[2025-09-02 20:36:56] [INFO] API Request: GET /backpacks
[2025-09-02 20:36:56] [INFO] API Request: GET /gear
[2025-09-02 20:36:56] [INFO] API Request: GET /backpacks
[2025-09-02 20:36:57] [INFO] API Request: GET /trips
[2025-09-02 20:36:57] [INFO] API Request: GET /backpacks
[2025-09-02 20:37:01] [INFO] API Request: GET /trips/5
[2025-09-02 20:37:07] [INFO] API Request: PUT /trips/5
[2025-09-02 20:37:07] [INFO] API Request: GET /trips
[2025-09-02 20:37:14] [INFO] API Request: GET /trips/5
[2025-09-02 20:37:22] [INFO] API Request: PUT /trips/5
[2025-09-02 20:37:22] [INFO] API Request: GET /trips
[2025-09-02 20:37:25] [INFO] API Request: GET /trips/5
[2025-09-02 20:37:30] [INFO] API Request: PUT /trips/5
[2025-09-02 20:37:30] [INFO] API Request: GET /trips
[2025-09-02 20:37:32] [INFO] API Request: GET /trips/5
[2025-09-02 20:37:40] [INFO] API Request: PUT /trips/5
[2025-09-02 20:37:40] [INFO] API Request: GET /trips
[2025-09-02 20:37:47] [INFO] API Request: GET /trips/5
[2025-09-02 20:38:12] [INFO] API Request: GET /trips
[2025-09-02 20:38:12] [INFO] API Request: GET /backpacks
[2025-09-02 20:38:12] [INFO] API Request: GET /trips
[2025-09-02 20:38:12] [INFO] API Request: GET /backpacks
[2025-09-02 20:38:17] [INFO] API Request: GET /trips
[2025-09-02 20:38:17] [INFO] API Request: GET /backpacks
[2025-09-02 20:38:21] [INFO] API Request: GET /backpacks
[2025-09-02 20:38:21] [INFO] API Request: GET /gear
[2025-09-02 20:38:21] [INFO] API Request: GET /backpacks
[2025-09-02 20:38:21] [INFO] API Request: GET /backpacks
[2025-09-02 20:38:21] [INFO] API Request: GET /trips
[2025-09-02 20:38:22] [INFO] API Request: GET /trips
[2025-09-02 20:38:22] [INFO] API Request: GET /backpacks
[2025-09-02 20:38:22] [INFO] API Request: GET /trips
[2025-09-02 20:38:22] [INFO] API Request: GET /backpacks
[2025-09-02 20:38:23] [INFO] API Request: GET /trips
[2025-09-02 20:38:23] [INFO] API Request: GET /backpacks
[2025-09-02 20:38:23] [INFO] API Request: GET /backpacks
[2025-09-02 20:38:23] [INFO] API Request: GET /gear
[2025-09-02 20:38:23] [INFO] API Request: GET /backpacks
[2025-09-02 20:38:24] [INFO] API Request: GET /backpacks
[2025-09-02 20:38:24] [INFO] API Request: GET /trips
[2025-09-02 20:38:24] [INFO] API Request: GET /backpacks
[2025-09-02 20:38:24] [INFO] API Request: GET /gear
[2025-09-02 20:38:24] [INFO] API Request: GET /backpacks
[2025-09-02 20:38:25] [INFO] API Request: GET /trips
[2025-09-02 20:38:25] [INFO] API Request: GET /backpacks
[2025-09-02 20:38:29] [INFO] API Request: GET /trips
[2025-09-02 20:38:29] [INFO] API Request: GET /backpacks
[2025-09-02 20:38:30] [INFO] API Request: GET /backpacks
[2025-09-02 20:38:30] [INFO] API Request: GET /gear
[2025-09-02 20:38:30] [INFO] API Request: GET /backpacks
[2025-09-02 20:38:31] [INFO] API Request: GET /trips
[2025-09-02 20:38:31] [INFO] API Request: GET /backpacks
[2025-09-02 20:38:32] [INFO] API Request: GET /backpacks
[2025-09-02 20:38:32] [INFO] API Request: GET /gear
[2025-09-02 20:38:32] [INFO] API Request: GET /backpacks
[2025-09-02 20:38:33] [INFO] API Request: GET /trips
[2025-09-02 20:38:33] [INFO] API Request: GET /backpacks
[2025-09-02 20:38:35] [INFO] API Request: GET /backpacks
[2025-09-02 20:38:35] [INFO] API Request: GET /trips
[2025-09-02 20:38:36] [INFO] API Request: GET /backpacks
[2025-09-02 20:38:36] [INFO] API Request: GET /gear
[2025-09-02 20:38:36] [INFO] API Request: GET /backpacks
[2025-09-02 20:38:36] [INFO] API Request: GET /trips
[2025-09-02 20:38:36] [INFO] API Request: GET /backpacks
[2025-09-02 20:38:45] [INFO] API Request: GET /trips/4
[2025-09-02 20:38:57] [INFO] API Request: PUT /trips/4
[2025-09-02 20:38:57] [INFO] API Request: GET /trips
[2025-09-02 20:39:07] [INFO] API Request: GET /trips
[2025-09-02 20:39:07] [INFO] API Request: GET /backpacks
[2025-09-02 20:39:08] [INFO] API Request: GET /trips/4
[2025-09-02 20:39:14] [INFO] API Request: GET /trips/4
[2025-09-02 20:39:15] [INFO] API Request: GET /trips
[2025-09-02 20:39:15] [INFO] API Request: GET /backpacks
[2025-09-02 20:39:17] [INFO] API Request: GET /trips/5
[2025-09-02 20:39:19] [INFO] API Request: GET /trips/4
[2025-09-02 20:39:21] [INFO] API Request: GET /trips
[2025-09-02 20:39:21] [INFO] API Request: GET /backpacks
[2025-09-02 20:39:23] [INFO] API Request: GET /trips/4
[2025-09-02 20:39:24] [INFO] API Request: GET /backpacks
[2025-09-02 20:39:24] [INFO] API Request: GET /trips
[2025-09-02 20:39:24] [INFO] API Request: GET /trips
[2025-09-02 20:39:24] [INFO] API Request: GET /backpacks
[2025-09-02 20:39:25] [INFO] API Request: GET /trips/5
[2025-09-02 20:39:26] [INFO] API Request: GET /trips
[2025-09-02 20:39:26] [INFO] API Request: GET /backpacks
[2025-09-02 20:40:05] [INFO] API Request: GET /backpacks
[2025-09-02 20:40:05] [INFO] API Request: GET /gear
[2025-09-02 20:40:05] [INFO] API Request: GET /backpacks
[2025-09-02 20:40:10] [INFO] API Request: GET /trips
[2025-09-02 20:40:10] [INFO] API Request: GET /backpacks
[2025-09-02 20:40:10] [INFO] API Request: GET /backpacks
[2025-09-02 20:40:10] [INFO] API Request: GET /trips
[2025-09-02 20:40:11] [INFO] API Request: GET /backpacks
[2025-09-02 20:40:11] [INFO] API Request: GET /gear
[2025-09-02 20:40:11] [INFO] API Request: GET /backpacks
[2025-09-02 20:40:12] [INFO] API Request: GET /backpacks
[2025-09-02 20:40:12] [INFO] API Request: GET /gear
[2025-09-02 20:40:12] [INFO] API Request: GET /backpacks
[2025-09-02 20:40:13] [INFO] API Request: GET /trips
[2025-09-02 20:40:13] [INFO] API Request: GET /backpacks
[2025-09-02 20:40:13] [INFO] API Request: GET /trips
[2025-09-02 20:40:13] [INFO] API Request: GET /backpacks
[2025-09-02 20:40:13] [INFO] API Request: GET /trips
[2025-09-02 20:40:13] [INFO] API Request: GET /backpacks
[2025-09-02 20:40:13] [INFO] API Request: GET /trips
[2025-09-02 20:40:13] [INFO] API Request: GET /backpacks
[2025-09-02 20:40:14] [INFO] API Request: GET /trips
[2025-09-02 20:40:14] [INFO] API Request: GET /backpacks
[2025-09-02 20:40:15] [INFO] API Request: GET /trips
[2025-09-02 20:40:15] [INFO] API Request: GET /backpacks
[2025-09-02 20:40:16] [INFO] API Request: GET /trips/5
[2025-09-02 20:40:23] [INFO] API Request: GET /trips/5
[2025-09-02 20:40:34] [INFO] API Request: PUT /trips/5
[2025-09-02 20:40:34] [INFO] API Request: GET /trips
[2025-09-02 20:40:36] [INFO] API Request: GET /gear
[2025-09-02 20:40:36] [INFO] API Request: GET /backpacks
[2025-09-02 20:40:36] [INFO] API Request: GET /backpacks
[2025-09-02 20:40:41] [INFO] API Request: DELETE /backpacks/11
[2025-09-02 20:40:44] [INFO] API Request: GET /backpacks
[2025-09-02 20:40:44] [INFO] API Request: GET /backpacks
[2025-09-02 20:40:44] [INFO] API Request: GET /gear
[2025-09-02 20:40:47] [INFO] API Request: DELETE /backpacks/12
[2025-09-02 20:40:50] [INFO] API Request: GET /backpacks
[2025-09-02 20:40:50] [INFO] API Request: GET /gear
[2025-09-02 20:40:50] [INFO] API Request: GET /backpacks
[2025-09-02 20:40:53] [INFO] API Request: GET /backpacks
[2025-09-02 20:40:53] [INFO] API Request: GET /gear
[2025-09-02 20:40:53] [INFO] API Request: GET /backpacks
[2025-09-02 20:40:56] [INFO] API Request: GET /backpacks
[2025-09-02 20:40:56] [INFO] API Request: GET /gear
[2025-09-02 20:40:56] [INFO] API Request: GET /backpacks
[2025-09-02 20:41:12] [INFO] API Request: GET /backpacks
[2025-09-02 20:41:12] [INFO] API Request: GET /gear
[2025-09-02 20:41:12] [INFO] API Request: GET /backpacks
[2025-09-02 20:41:16] [INFO] API Request: GET /backpacks
[2025-09-02 20:41:43] [INFO] API Request: GET /trips
[2025-09-02 20:41:43] [INFO] API Request: GET /backpacks
[2025-09-02 20:41:43] [INFO] API Request: GET /trips
[2025-09-02 20:41:43] [INFO] API Request: GET /backpacks
[2025-09-02 20:41:47] [INFO] API Request: GET /backpacks
[2025-09-02 20:41:47] [INFO] API Request: GET /backpacks
[2025-09-02 20:41:47] [INFO] API Request: GET /gear
[2025-09-02 20:41:51] [INFO] API Request: GET /trips
[2025-09-02 20:41:51] [INFO] API Request: GET /backpacks
[2025-09-02 20:41:51] [INFO] API Request: GET /trips
[2025-09-02 20:41:51] [INFO] API Request: GET /backpacks
[2025-09-02 20:42:01] [INFO] API Request: GET /backpacks
[2025-09-02 20:42:01] [INFO] API Request: GET /gear
[2025-09-02 20:42:01] [INFO] API Request: GET /backpacks
[2025-09-02 20:42:04] [INFO] API Request: GET /backpacks
[2025-09-02 20:42:04] [INFO] API Request: GET /gear
[2025-09-02 20:42:04] [INFO] API Request: GET /backpacks
[2025-09-02 20:42:14] [INFO] API Request: GET /backpacks
[2025-09-02 20:42:26] [INFO] API Request: GET /trips
[2025-09-02 20:42:26] [INFO] API Request: GET /backpacks
[2025-09-02 20:42:26] [INFO] API Request: GET /trips
[2025-09-02 20:42:26] [INFO] API Request: GET /backpacks
[2025-09-02 20:42:27] [INFO] API Request: GET /backpacks
[2025-09-02 20:42:27] [INFO] API Request: GET /backpacks
[2025-09-02 20:42:27] [INFO] API Request: GET /gear
[2025-09-02 20:42:29] [INFO] API Request: GET /trips
[2025-09-02 20:42:29] [INFO] API Request: GET /backpacks
[2025-09-02 20:42:29] [INFO] API Request: GET /trips
[2025-09-02 20:42:29] [INFO] API Request: GET /backpacks
[2025-09-02 20:42:31] [INFO] API Request: GET /backpacks
[2025-09-02 20:42:31] [INFO] API Request: GET /gear
[2025-09-02 20:42:31] [INFO] API Request: GET /backpacks
[2025-09-02 20:42:33] [INFO] API Request: GET /trips
[2025-09-02 20:42:33] [INFO] API Request: GET /backpacks
[2025-09-02 20:42:33] [INFO] API Request: GET /trips
[2025-09-02 20:42:33] [INFO] API Request: GET /backpacks
[2025-09-02 20:42:46] [INFO] API Request: GET /trips
[2025-09-02 20:42:46] [INFO] API Request: GET /backpacks
[2025-09-02 20:43:19] [INFO] API Request: GET /backpacks
[2025-09-02 20:43:19] [INFO] API Request: GET /trips
[2025-09-02 20:43:21] [INFO] API Request: GET /trips/5
[2025-09-02 20:43:27] [INFO] API Request: GET /backpacks
[2025-09-02 20:43:27] [INFO] API Request: GET /backpacks
[2025-09-02 20:43:27] [INFO] API Request: GET /gear
[2025-09-02 20:43:47] [INFO] API Request: GET /trips
[2025-09-02 20:43:47] [INFO] API Request: GET /backpacks
[2025-09-02 20:43:49] [INFO] API Request: GET /trips/4
[2025-09-02 20:44:51] [INFO] API Request: GET /trips
[2025-09-02 20:44:51] [INFO] API Request: GET /backpacks
[2025-09-02 20:47:45] [INFO] API Request: GET /trips
[2025-09-02 20:47:45] [INFO] API Request: GET /backpacks
[2025-09-02 20:47:46] [INFO] API Request: GET /trips
[2025-09-02 20:47:46] [INFO] API Request: GET /backpacks
[2025-09-02 20:47:49] [INFO] API Request: GET /trips/4
[2025-09-02 20:47:54] [INFO] API Request: GET /trips
[2025-09-02 20:47:54] [INFO] API Request: GET /backpacks
[2025-09-02 20:47:54] [INFO] API Request: GET /trips
[2025-09-02 20:47:54] [INFO] API Request: GET /backpacks
[2025-09-02 20:47:54] [INFO] API Request: GET /trips
[2025-09-02 20:47:54] [INFO] API Request: GET /backpacks
[2025-09-02 20:47:57] [INFO] API Request: GET /trips
[2025-09-02 20:47:57] [INFO] API Request: GET /backpacks
[2025-09-02 20:47:57] [INFO] API Request: GET /backpacks
[2025-09-02 20:47:57] [INFO] API Request: GET /gear
[2025-09-02 20:47:57] [INFO] API Request: GET /backpacks
[2025-09-02 20:48:00] [INFO] API Request: GET /trips
[2025-09-02 20:48:00] [INFO] API Request: GET /backpacks
[2025-09-02 20:48:02] [INFO] API Request: GET /backpacks
[2025-09-02 20:48:02] [INFO] API Request: GET /gear
[2025-09-02 20:48:02] [INFO] API Request: GET /backpacks
[2025-09-02 20:48:17] [INFO] API Request: GET /backpacks
[2025-09-02 20:48:17] [INFO] API Request: GET /trips
[2025-09-02 20:48:17] [INFO] API Request: GET /trips
[2025-09-02 20:48:17] [INFO] API Request: GET /backpacks
[2025-09-02 20:48:18] [INFO] API Request: GET /trips
[2025-09-02 20:48:18] [INFO] API Request: GET /backpacks
[2025-09-02 20:48:18] [INFO] API Request: GET /trips
[2025-09-02 20:48:18] [INFO] API Request: GET /backpacks
[2025-09-02 20:48:32] [INFO] API Request: GET /trips
[2025-09-02 20:48:32] [INFO] API Request: GET /backpacks
[2025-09-02 20:48:50] [INFO] API Request: GET /trips/4
[2025-09-02 20:48:52] [INFO] API Request: GET /trips/4
[2025-09-02 20:49:23] [INFO] API Request: GET /backpacks
[2025-09-02 20:49:23] [INFO] API Request: GET /gear
[2025-09-02 20:49:23] [INFO] API Request: GET /backpacks
[2025-09-02 20:49:46] [INFO] API Request: GET /backpacks
[2025-09-02 20:49:46] [INFO] API Request: GET /trips
[2025-09-02 20:49:46] [INFO] API Request: GET /trips
[2025-09-02 20:49:46] [INFO] API Request: GET /backpacks
[2025-09-02 20:49:48] [INFO] API Request: GET /trips
[2025-09-02 20:49:48] [INFO] API Request: GET /backpacks
[2025-09-02 20:50:04] [INFO] API Request: GET /backpacks
[2025-09-02 20:50:04] [INFO] API Request: GET /backpacks
[2025-09-02 20:50:04] [INFO] API Request: GET /gear
[2025-09-02 20:50:08] [INFO] API Request: GET /backpacks
[2025-09-02 20:50:20] [INFO] API Request: GET /backpacks
[2025-09-02 20:50:20] [INFO] API Request: GET /backpacks
[2025-09-02 20:50:20] [INFO] API Request: GET /gear
[2025-09-02 20:50:27] [INFO] API Request: GET /backpacks
[2025-09-02 20:50:27] [INFO] API Request: GET /gear
[2025-09-02 20:50:27] [INFO] API Request: GET /backpacks
[2025-09-02 20:50:28] [INFO] API Request: GET /trips
[2025-09-02 20:50:28] [INFO] API Request: GET /backpacks
[2025-09-02 20:50:44] [INFO] API Request: GET /gear
[2025-09-02 20:50:44] [INFO] API Request: GET /backpacks
[2025-09-02 20:50:44] [INFO] API Request: GET /backpacks
[2025-09-02 20:50:47] [INFO] API Request: GET /trips
[2025-09-02 20:50:47] [INFO] API Request: GET /backpacks
[2025-09-02 20:50:50] [INFO] API Request: GET /trips
[2025-09-02 20:50:50] [INFO] API Request: GET /backpacks
[2025-09-02 20:50:57] [INFO] API Request: GET /trips/4
[2025-09-02 20:52:12] [INFO] API Request: GET /trips/4
[2025-09-02 20:53:46] [INFO] API Request: GET /trips
[2025-09-02 20:53:46] [INFO] API Request: GET /backpacks
[2025-09-02 20:53:46] [INFO] API Request: GET /trips
[2025-09-02 20:53:46] [INFO] API Request: GET /backpacks
[2025-09-02 20:53:47] [INFO] API Request: GET /trips
[2025-09-02 20:53:47] [INFO] API Request: GET /backpacks
[2025-09-02 20:53:48] [INFO] API Request: GET /backpacks
[2025-09-02 20:53:48] [INFO] API Request: GET /gear
[2025-09-02 20:53:48] [INFO] API Request: GET /backpacks
[2025-09-02 20:53:50] [INFO] API Request: GET /trips
[2025-09-02 20:53:50] [INFO] API Request: GET /backpacks
[2025-09-02 20:53:53] [INFO] API Request: GET /backpacks
[2025-09-02 20:53:53] [INFO] API Request: GET /gear
[2025-09-02 20:53:53] [INFO] API Request: GET /backpacks
[2025-09-02 20:53:54] [INFO] API Request: GET /backpacks
[2025-09-02 20:53:54] [INFO] API Request: GET /trips
[2025-09-02 20:54:08] [INFO] API Request: GET /trips
[2025-09-02 20:54:08] [INFO] API Request: GET /backpacks
[2025-09-02 20:54:09] [INFO] API Request: GET /backpacks
[2025-09-02 20:54:09] [INFO] API Request: GET /backpacks
[2025-09-02 20:54:09] [INFO] API Request: GET /gear
[2025-09-02 20:54:11] [INFO] API Request: GET /trips
[2025-09-02 20:54:11] [INFO] API Request: GET /backpacks
[2025-09-02 20:54:11] [INFO] API Request: GET /backpacks
[2025-09-02 20:54:11] [INFO] API Request: GET /gear
[2025-09-02 20:54:11] [INFO] API Request: GET /backpacks
[2025-09-02 20:54:14] [INFO] API Request: GET /trips
[2025-09-02 20:54:14] [INFO] API Request: GET /backpacks
[2025-09-02 20:54:25] [INFO] API Request: GET /trips
[2025-09-02 20:54:25] [INFO] API Request: GET /backpacks
[2025-09-02 20:54:25] [INFO] API Request: GET /trips
[2025-09-02 20:54:25] [INFO] API Request: GET /backpacks
[2025-09-02 20:54:25] [INFO] API Request: GET /trips
[2025-09-02 20:54:25] [INFO] API Request: GET /backpacks
[2025-09-02 20:54:26] [INFO] API Request: GET /backpacks
[2025-09-02 20:54:26] [INFO] API Request: GET /gear
[2025-09-02 20:54:26] [INFO] API Request: GET /backpacks
[2025-09-02 20:54:37] [INFO] API Request: GET /trips
[2025-09-02 20:54:37] [INFO] API Request: GET /backpacks
[2025-09-02 20:56:06] [INFO] API Request: GET /backpacks
[2025-09-02 20:56:06] [INFO] API Request: GET /trips
[2025-09-02 20:57:45] [INFO] API Request: GET /backpacks
[2025-09-02 20:57:45] [INFO] API Request: GET /gear
[2025-09-02 20:57:45] [INFO] API Request: GET /backpacks
[2025-09-02 20:57:49] [INFO] API Request: GET /backpacks
[2025-09-02 20:57:49] [INFO] API Request: GET /gear
[2025-09-02 20:57:49] [INFO] API Request: GET /backpacks
[2025-09-02 20:59:08] [INFO] API Request: GET /backpacks
[2025-09-02 20:59:08] [INFO] API Request: GET /trips
[2025-09-02 20:59:09] [INFO] API Request: GET /trips
[2025-09-02 20:59:09] [INFO] API Request: GET /backpacks
[2025-09-02 20:59:09] [INFO] API Request: GET /trips
[2025-09-02 20:59:09] [INFO] API Request: GET /backpacks
[2025-09-02 20:59:10] [INFO] API Request: GET /trips
[2025-09-02 20:59:10] [INFO] API Request: GET /backpacks
[2025-09-02 20:59:13] [INFO] API Request: GET /backpacks
[2025-09-02 20:59:13] [INFO] API Request: GET /gear
[2025-09-02 20:59:13] [INFO] API Request: GET /backpacks
[2025-09-02 20:59:16] [INFO] API Request: GET /backpacks
[2025-09-02 20:59:16] [INFO] API Request: GET /trips
[2025-09-02 20:59:16] [INFO] API Request: GET /trips
[2025-09-02 20:59:16] [INFO] API Request: GET /backpacks
[2025-09-02 20:59:17] [INFO] API Request: GET /trips
[2025-09-02 20:59:17] [INFO] API Request: GET /backpacks
[2025-09-02 20:59:18] [INFO] API Request: GET /backpacks
[2025-09-02 20:59:18] [INFO] API Request: GET /gear
[2025-09-02 20:59:18] [INFO] API Request: GET /backpacks
[2025-09-02 20:59:18] [INFO] API Request: GET /backpacks
[2025-09-02 20:59:18] [INFO] API Request: GET /trips
[2025-09-02 20:59:21] [INFO] API Request: GET /backpacks
[2025-09-02 20:59:21] [INFO] API Request: GET /gear
[2025-09-02 20:59:21] [INFO] API Request: GET /backpacks
[2025-09-02 20:59:32] [INFO] API Request: GET /backpacks
[2025-09-02 21:00:15] [INFO] API Request: GET /backpacks
[2025-09-02 21:00:15] [INFO] API Request: GET /gear
[2025-09-02 21:00:15] [INFO] API Request: GET /backpacks
[2025-09-02 21:00:17] [INFO] API Request: GET /backpacks
[2025-09-02 21:00:19] [INFO] API Request: GET /trips
[2025-09-02 21:00:19] [INFO] API Request: GET /backpacks
[2025-09-02 21:00:19] [INFO] API Request: GET /trips
[2025-09-02 21:00:19] [INFO] API Request: GET /backpacks
[2025-09-02 21:00:21] [INFO] API Request: GET /backpacks
[2025-09-02 21:00:21] [INFO] API Request: GET /gear
[2025-09-02 21:00:21] [INFO] API Request: GET /backpacks
[2025-09-02 21:00:38] [INFO] API Request: GET /trips
[2025-09-02 21:00:38] [INFO] API Request: GET /backpacks
[2025-09-02 21:00:38] [INFO] API Request: GET /trips
[2025-09-02 21:00:38] [INFO] API Request: GET /backpacks
[2025-09-02 21:00:46] [INFO] API Request: GET /trips
[2025-09-02 21:00:46] [INFO] API Request: GET /backpacks
[2025-09-02 21:00:52] [INFO] API Request: GET /trips/4
[2025-09-02 21:01:00] [INFO] API Request: GET /trips/5
[2025-09-02 21:01:08] [INFO] API Request: PUT /trips/5
[2025-09-02 21:01:08] [INFO] API Request: GET /trips
[2025-09-02 21:01:10] [INFO] API Request: GET /trips/5
[2025-09-02 21:01:14] [INFO] API Request: PUT /trips/5
[2025-09-02 21:01:14] [INFO] API Request: GET /trips
[2025-09-02 21:01:15] [INFO] API Request: GET /trips/5
[2025-09-02 21:01:20] [INFO] API Request: PUT /trips/5
[2025-09-02 21:01:20] [INFO] API Request: GET /trips
[2025-09-02 21:02:04] [INFO] API Request: GET /trips/5
[2025-09-02 21:02:08] [INFO] API Request: GET /trips
[2025-09-02 21:02:08] [INFO] API Request: GET /backpacks
[2025-09-02 21:02:08] [INFO] API Request: GET /trips
[2025-09-02 21:02:08] [INFO] API Request: GET /backpacks
[2025-09-02 21:04:16] [INFO] API Request: GET /backpacks
[2025-09-02 21:04:16] [INFO] API Request: GET /trips
[2025-09-02 21:04:17] [INFO] API Request: GET /trips
[2025-09-02 21:04:17] [INFO] API Request: GET /backpacks
[2025-09-02 21:04:18] [INFO] API Request: GET /trips
[2025-09-02 21:04:18] [INFO] API Request: GET /backpacks
[2025-09-02 21:04:18] [INFO] API Request: GET /trips
[2025-09-02 21:04:18] [INFO] API Request: GET /backpacks
[2025-09-02 21:04:18] [INFO] API Request: GET /trips
[2025-09-02 21:04:18] [INFO] API Request: GET /backpacks
[2025-09-02 21:04:18] [INFO] API Request: GET /backpacks
[2025-09-02 21:04:18] [INFO] API Request: GET /trips
[2025-09-02 21:04:19] [INFO] API Request: GET /trips
[2025-09-02 21:04:19] [INFO] API Request: GET /backpacks
[2025-09-02 21:04:19] [INFO] API Request: GET /trips
[2025-09-02 21:04:19] [INFO] API Request: GET /backpacks
[2025-09-02 21:04:19] [INFO] API Request: GET /trips
[2025-09-02 21:04:19] [INFO] API Request: GET /backpacks
[2025-09-02 21:04:19] [INFO] API Request: GET /trips
[2025-09-02 21:04:19] [INFO] API Request: GET /backpacks
[02-Sep-2025 21:04:26 UTC] PHP Parse error:  syntax error, unexpected token "<", expecting end of file in C:\xampp2\htdocs\BTT\public\trips.php on line 20
[02-Sep-2025 21:04:27 UTC] PHP Parse error:  syntax error, unexpected token "<", expecting end of file in C:\xampp2\htdocs\BTT\public\trips.php on line 20
[02-Sep-2025 21:04:28 UTC] PHP Parse error:  syntax error, unexpected token "<", expecting end of file in C:\xampp2\htdocs\BTT\public\trips.php on line 20
[02-Sep-2025 21:04:33 UTC] PHP Parse error:  syntax error, unexpected token "<", expecting end of file in C:\xampp2\htdocs\BTT\public\trips.php on line 20
[2025-09-02 21:04:37] [INFO] API Request: GET /trips
[2025-09-02 21:04:37] [INFO] API Request: GET /backpacks
[2025-09-02 21:04:44] [INFO] API Request: GET /backpacks
[2025-09-02 21:04:44] [INFO] API Request: GET /gear
[2025-09-02 21:04:44] [INFO] API Request: GET /backpacks
[2025-09-02 21:04:48] [INFO] API Request: GET /backpacks
[2025-09-02 21:04:53] [INFO] API Request: GET /backpacks
[2025-09-02 21:04:53] [INFO] API Request: GET /gear
[2025-09-02 21:04:53] [INFO] API Request: GET /backpacks
[2025-09-02 21:07:47] [INFO] API Request: GET /backpacks
[2025-09-02 21:07:47] [INFO] API Request: GET /trips
[2025-09-02 21:07:51] [INFO] API Request: GET /backpacks
[2025-09-02 21:07:51] [INFO] API Request: GET /gear
[2025-09-02 21:07:51] [INFO] API Request: GET /backpacks
[2025-09-02 21:07:58] [INFO] API Request: GET /trips
[2025-09-02 21:07:58] [INFO] API Request: GET /backpacks
[2025-09-02 21:08:00] [INFO] API Request: GET /trips/5
[2025-09-02 21:08:03] [INFO] API Request: GET /backpacks
[2025-09-02 21:08:03] [INFO] API Request: GET /gear
[2025-09-02 21:08:03] [INFO] API Request: GET /backpacks
[2025-09-02 21:08:15] [INFO] API Request: GET /backpacks
[2025-09-02 21:08:32] [INFO] API Request: GET /backpacks
[2025-09-02 21:08:32] [INFO] API Request: GET /gear
[2025-09-02 21:08:32] [INFO] API Request: GET /backpacks
[2025-09-02 21:08:35] [INFO] API Request: GET /backpacks
[2025-09-02 21:08:35] [INFO] API Request: GET /trips
[2025-09-02 21:10:16] [INFO] API Request: GET /trips
[2025-09-02 21:10:16] [INFO] API Request: GET /trips
[2025-09-02 21:10:16] [INFO] API Request: GET /backpacks
[2025-09-02 21:10:16] [INFO] API Request: GET /backpacks
[2025-09-02 21:10:16] [INFO] API Request: GET /trips
[2025-09-02 21:10:16] [INFO] API Request: GET /trips
[2025-09-02 21:10:16] [INFO] API Request: GET /backpacks
[2025-09-02 21:10:16] [INFO] API Request: GET /backpacks
[2025-09-02 21:10:22] [INFO] API Request: GET /trips
[2025-09-02 21:10:22] [INFO] API Request: GET /backpacks
[2025-09-02 21:10:22] [INFO] API Request: GET /trips
[2025-09-02 21:10:22] [INFO] API Request: GET /backpacks
[2025-09-02 21:10:23] [INFO] API Request: GET /trips
[2025-09-02 21:10:23] [INFO] API Request: GET /trips
[2025-09-02 21:10:23] [INFO] API Request: GET /backpacks
[2025-09-02 21:10:23] [INFO] API Request: GET /backpacks
[2025-09-02 21:10:24] [INFO] API Request: GET /backpacks
[2025-09-02 21:10:24] [INFO] API Request: GET /gear
[2025-09-02 21:10:24] [INFO] API Request: GET /backpacks
[2025-09-02 21:10:25] [INFO] API Request: GET /trips
[2025-09-02 21:10:25] [INFO] API Request: GET /backpacks
[2025-09-02 21:10:27] [INFO] API Request: GET /trips
[2025-09-02 21:10:27] [INFO] API Request: GET /backpacks
[2025-09-02 21:10:44] [INFO] API Request: GET /trips
[2025-09-02 21:10:44] [INFO] API Request: GET /backpacks
[2025-09-02 21:11:30] [INFO] API Request: GET /trips
[2025-09-02 21:11:30] [INFO] API Request: GET /backpacks
[2025-09-02 21:11:31] [INFO] API Request: GET /backpacks
[2025-09-02 21:11:31] [INFO] API Request: GET /gear
[2025-09-02 21:11:31] [INFO] API Request: GET /backpacks
[2025-09-02 21:11:32] [INFO] API Request: GET /trips
[2025-09-02 21:11:32] [INFO] API Request: GET /backpacks
[2025-09-02 21:12:16] [INFO] API Request: GET /trips
[2025-09-02 21:12:16] [INFO] API Request: GET /backpacks
[2025-09-02 21:12:17] [INFO] API Request: GET /trips
[2025-09-02 21:12:17] [INFO] API Request: GET /backpacks
[2025-09-02 21:12:17] [INFO] API Request: GET /trips
[2025-09-02 21:12:17] [INFO] API Request: GET /backpacks
[2025-09-02 21:12:18] [INFO] API Request: GET /backpacks
[2025-09-02 21:12:18] [INFO] API Request: GET /backpacks
[2025-09-02 21:12:18] [INFO] API Request: GET /gear
[2025-09-02 21:12:19] [INFO] API Request: GET /backpacks
[2025-09-02 21:12:19] [INFO] API Request: GET /gear
[2025-09-02 21:12:19] [INFO] API Request: GET /backpacks
[2025-09-02 21:12:59] [INFO] API Request: GET /trips
[2025-09-02 21:12:59] [INFO] API Request: GET /backpacks
[2025-09-02 21:12:59] [INFO] API Request: GET /trips
[2025-09-02 21:12:59] [INFO] API Request: GET /backpacks
[2025-09-02 21:12:59] [INFO] API Request: GET /trips
[2025-09-02 21:12:59] [INFO] API Request: GET /backpacks
[2025-09-02 21:13:01] [INFO] API Request: GET /trips
[2025-09-02 21:13:01] [INFO] API Request: GET /backpacks
[2025-09-02 21:13:05] [INFO] API Request: GET /trips
[2025-09-02 21:13:05] [INFO] API Request: GET /backpacks
[2025-09-02 21:13:05] [INFO] API Request: GET /trips
[2025-09-02 21:13:05] [INFO] API Request: GET /backpacks
[2025-09-02 21:13:07] [INFO] API Request: GET /trips
[2025-09-02 21:13:07] [INFO] API Request: GET /backpacks
[2025-09-02 21:13:11] [INFO] API Request: GET /trips
[2025-09-02 21:13:11] [INFO] API Request: GET /backpacks
[2025-09-02 21:13:14] [INFO] API Request: GET /trips
[2025-09-02 21:13:14] [INFO] API Request: GET /backpacks
[2025-09-02 21:14:21] [INFO] API Request: GET /trips
[2025-09-02 21:14:21] [INFO] API Request: GET /backpacks
[2025-09-02 21:14:21] [INFO] API Request: GET /trips
[2025-09-02 21:14:21] [INFO] API Request: GET /backpacks
[2025-09-02 21:14:21] [INFO] API Request: GET /trips
[2025-09-02 21:14:21] [INFO] API Request: GET /backpacks
[2025-09-02 21:14:24] [INFO] API Request: GET /trips
[2025-09-02 21:14:24] [INFO] API Request: GET /backpacks
[2025-09-02 21:14:27] [INFO] API Request: GET /trips/5
[2025-09-02 21:14:42] [INFO] API Request: GET /trips
[2025-09-02 21:14:42] [INFO] API Request: GET /backpacks
[2025-09-02 21:14:42] [INFO] API Request: GET /trips
[2025-09-02 21:14:42] [INFO] API Request: GET /backpacks
[2025-09-02 21:14:43] [INFO] API Request: GET /trips
[2025-09-02 21:14:43] [INFO] API Request: GET /backpacks
[2025-09-02 21:14:44] [INFO] API Request: GET /backpacks
[2025-09-02 21:14:44] [INFO] API Request: GET /gear
[2025-09-02 21:14:44] [INFO] API Request: GET /backpacks
[2025-09-02 21:14:47] [INFO] API Request: GET /trips
[2025-09-02 21:14:47] [INFO] API Request: GET /backpacks
[2025-09-02 21:14:47] [INFO] API Request: GET /trips
[2025-09-02 21:14:47] [INFO] API Request: GET /backpacks
[2025-09-02 21:14:48] [INFO] API Request: GET /trips
[2025-09-02 21:14:48] [INFO] API Request: GET /backpacks
[2025-09-02 21:14:50] [INFO] API Request: GET /backpacks
[2025-09-02 21:14:50] [INFO] API Request: GET /gear
[2025-09-02 21:14:50] [INFO] API Request: GET /backpacks
[2025-09-02 21:15:02] [INFO] API Request: GET /backpacks
[2025-09-02 21:15:23] [INFO] API Request: GET /health
[2025-09-02 21:16:35] [INFO] API Request: GET /trips
[2025-09-02 21:16:35] [INFO] API Request: GET /backpacks
[2025-09-02 21:16:35] [INFO] API Request: GET /trips
[2025-09-02 21:16:35] [INFO] API Request: GET /backpacks
[2025-09-02 21:16:43] [INFO] API Request: GET /trips
[2025-09-02 21:16:43] [INFO] API Request: GET /backpacks
[2025-09-02 21:16:51] [INFO] API Request: GET /backpacks
[2025-09-02 21:16:51] [INFO] API Request: GET /gear
[2025-09-02 21:16:51] [INFO] API Request: GET /backpacks
[2025-09-02 21:18:24] [INFO] API Request: GET /trips
[2025-09-02 21:18:24] [INFO] API Request: GET /backpacks
[2025-09-02 21:18:24] [INFO] API Request: GET /trips
[2025-09-02 21:18:24] [INFO] API Request: GET /backpacks
[2025-09-02 21:18:25] [INFO] API Request: GET /trips
[2025-09-02 21:18:25] [INFO] API Request: GET /backpacks
[2025-09-02 21:18:26] [INFO] API Request: GET /backpacks
[2025-09-02 21:18:26] [INFO] API Request: GET /gear
[2025-09-02 21:18:26] [INFO] API Request: GET /backpacks
[2025-09-02 21:18:29] [INFO] API Request: GET /trips
[2025-09-02 21:18:29] [INFO] API Request: GET /backpacks
[2025-09-02 21:18:29] [INFO] API Request: GET /trips
[2025-09-02 21:18:29] [INFO] API Request: GET /backpacks
[2025-09-02 21:18:57] [INFO] API Request: GET /health
[2025-09-02 21:22:41] [INFO] API Request: GET /trips
[2025-09-02 21:22:41] [INFO] API Request: GET /backpacks
[2025-09-02 21:22:42] [INFO] API Request: GET /backpacks
[2025-09-02 21:22:42] [INFO] API Request: GET /gear
[2025-09-02 21:22:42] [INFO] API Request: GET /backpacks
[2025-09-02 21:22:43] [INFO] API Request: GET /trips
[2025-09-02 21:22:43] [INFO] API Request: GET /backpacks
[2025-09-02 21:22:47] [INFO] API Request: GET /backpacks
[2025-09-02 21:22:47] [INFO] API Request: GET /trips
[2025-09-02 21:22:50] [INFO] API Request: GET /trips
[2025-09-02 21:22:50] [INFO] API Request: GET /backpacks
[2025-09-02 21:22:50] [INFO] API Request: GET /trips
[2025-09-02 21:22:50] [INFO] API Request: GET /backpacks
[2025-09-02 21:22:58] [INFO] API Request: GET /trips
[2025-09-02 21:22:58] [INFO] API Request: GET /backpacks
[2025-09-02 21:22:58] [INFO] API Request: GET /trips
[2025-09-02 21:22:58] [INFO] API Request: GET /backpacks
[2025-09-02 21:22:59] [INFO] API Request: GET /trips
[2025-09-02 21:22:59] [INFO] API Request: GET /backpacks
[2025-09-02 21:22:59] [INFO] API Request: GET /trips
[2025-09-02 21:22:59] [INFO] API Request: GET /backpacks
[2025-09-02 21:31:52] [INFO] API Request: GET /trips
[2025-09-02 21:31:52] [INFO] API Request: GET /trips
[2025-09-02 21:31:52] [INFO] API Request: GET /backpacks
[2025-09-02 21:31:52] [INFO] API Request: GET /backpacks
[2025-09-02 21:31:54] [INFO] API Request: GET /backpacks
[2025-09-02 21:31:54] [INFO] API Request: GET /trips
[2025-09-02 21:31:54] [INFO] API Request: GET /backpacks
[2025-09-02 21:31:54] [INFO] API Request: GET /trips
[2025-09-02 21:31:55] [INFO] API Request: GET /backpacks
[2025-09-02 21:31:55] [INFO] API Request: GET /trips
[2025-09-02 21:31:55] [INFO] API Request: GET /trips
[2025-09-02 21:31:55] [INFO] API Request: GET /backpacks
[2025-09-02 21:31:55] [INFO] API Request: GET /trips
[2025-09-02 21:31:55] [INFO] API Request: GET /backpacks
[2025-09-02 21:31:55] [INFO] API Request: GET /trips
[2025-09-02 21:31:55] [INFO] API Request: GET /backpacks
[2025-09-02 21:31:56] [INFO] API Request: GET /trips
[2025-09-02 21:31:56] [INFO] API Request: GET /backpacks
[2025-09-02 21:31:56] [INFO] API Request: GET /trips
[2025-09-02 21:31:56] [INFO] API Request: GET /backpacks
[2025-09-02 21:31:57] [INFO] API Request: GET /backpacks
[2025-09-02 21:31:57] [INFO] API Request: GET /gear
[2025-09-02 21:31:57] [ERROR] API Error: Failed to fetch gear: SQLSTATE[HY000]: General error: 1 no such table: gear_preferences
[2025-09-02 21:31:57] [INFO] API Request: GET /backpacks
[2025-09-02 21:31:57] [INFO] API Request: GET /backpacks
[2025-09-02 21:31:57] [INFO] API Request: GET /gear
[2025-09-02 21:31:57] [ERROR] API Error: Failed to fetch gear: SQLSTATE[HY000]: General error: 1 no such table: gear_preferences
[2025-09-02 21:31:57] [INFO] API Request: GET /backpacks
[2025-09-02 21:31:58] [INFO] API Request: GET /backpacks
[2025-09-02 21:31:58] [INFO] API Request: GET /gear
[2025-09-02 21:31:58] [ERROR] API Error: Failed to fetch gear: SQLSTATE[HY000]: General error: 1 no such table: gear_preferences
[2025-09-02 21:31:58] [INFO] API Request: GET /backpacks
[2025-09-02 21:32:00] [INFO] API Request: GET /backpacks
[2025-09-02 21:32:00] [INFO] API Request: GET /trips
[2025-09-02 21:32:02] [INFO] API Request: GET /trips/4
[2025-09-02 21:32:03] [INFO] API Request: GET /backpacks
[2025-09-02 21:32:03] [INFO] API Request: GET /trips
[2025-09-02 21:32:03] [INFO] API Request: GET /trips
[2025-09-02 21:32:03] [INFO] API Request: GET /backpacks
[2025-09-02 21:32:05] [INFO] API Request: GET /trips
[2025-09-02 21:32:05] [INFO] API Request: GET /backpacks
[2025-09-02 21:32:06] [INFO] API Request: GET /trips/4
[2025-09-02 21:32:09] [INFO] API Request: GET /backpacks
[2025-09-02 21:32:09] [INFO] API Request: GET /gear
[2025-09-02 21:32:09] [ERROR] API Error: Failed to fetch gear: SQLSTATE[HY000]: General error: 1 no such table: gear_preferences
[2025-09-02 21:32:09] [INFO] API Request: GET /backpacks
[2025-09-02 21:32:20] [INFO] API Request: GET /health
[2025-09-02 21:34:07] [INFO] API Request: GET /backpacks
[2025-09-02 21:34:07] [INFO] API Request: GET /gear
[2025-09-02 21:34:07] [ERROR] API Error: Failed to fetch gear: SQLSTATE[HY000]: General error: 1 no such table: gear_preferences
[2025-09-02 21:34:07] [INFO] API Request: GET /backpacks
[2025-09-02 21:34:08] [INFO] API Request: GET /trips
[2025-09-02 21:34:08] [INFO] API Request: GET /backpacks
[2025-09-02 21:34:08] [INFO] API Request: GET /trips
[2025-09-02 21:34:08] [INFO] API Request: GET /backpacks
[2025-09-02 21:34:09] [INFO] API Request: GET /trips
[2025-09-02 21:34:09] [INFO] API Request: GET /backpacks
[2025-09-02 21:34:53] [INFO] API Request: GET /health
[2025-09-02 21:35:15] [INFO] API Request: GET /backpacks
[2025-09-02 21:35:15] [INFO] API Request: GET /gear
[2025-09-02 21:35:15] [ERROR] API Error: Failed to fetch gear: SQLSTATE[HY000]: General error: 1 no such table: gear_preferences
[2025-09-02 21:35:15] [INFO] API Request: GET /backpacks
[2025-09-02 21:35:18] [INFO] API Request: GET /trips
[2025-09-02 21:35:18] [INFO] API Request: GET /backpacks
[2025-09-02 21:35:20] [INFO] API Request: GET /trips/4
[2025-09-02 21:35:25] [INFO] API Request: GET /backpacks
[2025-09-02 21:35:25] [INFO] API Request: GET /trips
[2025-09-02 21:35:28] [INFO] API Request: GET /trips/4
[2025-09-02 21:35:30] [INFO] API Request: GET /backpacks
[2025-09-02 21:35:30] [INFO] API Request: GET /trips
[2025-09-02 21:35:31] [INFO] API Request: GET /trips
[2025-09-02 21:35:31] [INFO] API Request: GET /backpacks
[2025-09-02 21:35:31] [INFO] API Request: GET /backpacks
[2025-09-02 21:35:31] [INFO] API Request: GET /trips
[2025-09-02 21:38:45] [INFO] API Request: GET /health
[2025-09-02 21:38:53] [INFO] API Request: GET /backpacks
[2025-09-02 21:38:53] [INFO] API Request: GET /gear
[2025-09-02 21:38:53] [ERROR] API Error: Failed to fetch gear: SQLSTATE[HY000]: General error: 1 no such table: gear_preferences
[2025-09-02 21:38:53] [INFO] API Request: GET /backpacks
[2025-09-02 21:41:35] [INFO] API Request: GET /backpacks
[2025-09-02 21:41:35] [INFO] API Request: GET /gear
[2025-09-02 21:41:35] [ERROR] API Error: Failed to fetch gear: SQLSTATE[HY000]: General error: 1 no such table: gear_preferences
[2025-09-02 21:41:35] [INFO] API Request: GET /backpacks
[2025-09-02 21:41:37] [INFO] API Request: GET /trips
[2025-09-02 21:41:37] [INFO] API Request: GET /backpacks
[2025-09-02 21:41:37] [INFO] API Request: GET /trips
[2025-09-02 21:41:37] [INFO] API Request: GET /backpacks
[2025-09-02 21:41:38] [INFO] API Request: GET /backpacks
[2025-09-02 21:41:38] [INFO] API Request: GET /trips
[2025-09-02 21:41:40] [INFO] API Request: GET /backpacks
[2025-09-02 21:41:40] [INFO] API Request: GET /gear
[2025-09-02 21:41:40] [ERROR] API Error: Failed to fetch gear: SQLSTATE[HY000]: General error: 1 no such table: gear_preferences
[2025-09-02 21:41:40] [INFO] API Request: GET /backpacks
[2025-09-02 21:41:41] [INFO] API Request: GET /backpacks
[2025-09-02 21:43:45] [INFO] API Request: GET /health
[2025-09-02 21:43:54] [INFO] API Request: GET /backpacks
[2025-09-02 21:44:03] [INFO] API Request: GET /trips
[2025-09-02 21:44:12] [INFO] API Request: GET /health
[2025-09-02 22:27:01] [INFO] API Request: GET /health
[2025-09-02 22:27:02] [INFO] API Request: GET /backpacks
[2025-09-02 22:27:02] [INFO] API Request: GET /gear
[2025-09-02 22:27:02] [ERROR] API Error: Failed to fetch gear: SQLSTATE[HY000]: General error: 1 no such table: gear_preferences
[2025-09-02 22:27:02] [INFO] API Request: GET /backpacks
[2025-09-02 22:27:11] [INFO] API Request: GET /backpacks
[2025-09-02 22:27:14] [INFO] API Request: GET /trips
[2025-09-02 22:27:14] [INFO] API Request: GET /backpacks
[2025-09-02 22:27:20] [INFO] API Request: GET /backpacks
[2025-09-02 22:27:20] [INFO] API Request: GET /gear
[2025-09-02 22:27:20] [ERROR] API Error: Failed to fetch gear: SQLSTATE[HY000]: General error: 1 no such table: gear_preferences
[2025-09-02 22:27:20] [INFO] API Request: GET /backpacks
[2025-09-02 22:27:37] [INFO] API Request: GET /trips
[2025-09-02 22:27:37] [INFO] API Request: GET /backpacks
[2025-09-02 22:29:42] [INFO] API Request: GET /backpacks
[2025-09-02 22:32:14] [INFO] API Request: GET /trips
[2025-09-02 22:32:14] [INFO] API Request: GET /backpacks
[2025-09-02 22:41:29] [INFO] API Request: GET /backpacks
[2025-09-02 22:41:39] [INFO] API Request: DELETE /backpacks/4
[2025-09-02 22:41:39] [ERROR] API Error: Cannot delete backpack. It is used by 1 trip(s). Use ?force=true to delete anyway (trips will be unlinked).
[2025-09-03 11:40:12] [INFO] API Request: GET /trips
[2025-09-03 11:40:12] [INFO] API Request: GET /backpacks
[2025-09-03 11:40:14] [INFO] API Request: GET /trips
[2025-09-03 11:40:14] [INFO] API Request: GET /backpacks
[2025-09-03 11:40:14] [INFO] API Request: GET /trips
[2025-09-03 11:40:14] [INFO] API Request: GET /backpacks
[2025-09-03 11:40:16] [INFO] API Request: GET /trips
[2025-09-03 11:40:16] [INFO] API Request: GET /backpacks
[2025-09-03 11:40:17] [INFO] API Request: GET /trips/1
[2025-09-03 11:40:25] [INFO] API Request: GET /trips/3
[2025-09-03 11:40:31] [INFO] API Request: PUT /trips/3
[2025-09-03 11:40:31] [ERROR] API Error: Failed to update trip: SQLSTATE[HY000]: General error: 1 no such column: default_image_url
[2025-09-03 11:40:48] [INFO] API Request: GET /trips/1
[2025-09-03 11:40:52] [INFO] API Request: GET /trips
[2025-09-03 11:40:52] [INFO] API Request: GET /backpacks
[2025-09-03 11:41:13] [INFO] API Request: GET /trips/1
[2025-09-03 11:41:39] [INFO] API Request: PUT /trips/1
[2025-09-03 11:41:39] [ERROR] API Error: Failed to update trip: SQLSTATE[HY000]: General error: 1 no such column: default_image_url
[2025-09-03 11:41:48] [INFO] API Request: PUT /trips/1
[2025-09-03 11:41:48] [ERROR] API Error: Failed to update trip: SQLSTATE[HY000]: General error: 1 no such column: default_image_url
[2025-09-03 11:42:12] [INFO] API Request: GET /trips
[2025-09-03 11:42:12] [INFO] API Request: GET /backpacks
[2025-09-03 11:42:14] [INFO] API Request: GET /trips
[2025-09-03 11:42:14] [INFO] API Request: GET /backpacks
[2025-09-03 11:42:14] [INFO] API Request: GET /trips
[2025-09-03 11:42:14] [INFO] API Request: GET /backpacks
[2025-09-03 11:42:15] [INFO] API Request: GET /backpacks
[2025-09-03 11:42:15] [INFO] API Request: GET /gear
[2025-09-03 11:42:15] [ERROR] API Error: Failed to fetch gear: SQLSTATE[HY000]: General error: 1 no such table: gear_preferences
[2025-09-03 11:42:15] [INFO] API Request: GET /backpacks
[2025-09-03 11:42:18] [INFO] API Request: GET /backpacks
[2025-09-03 11:43:03] [INFO] API Request: GET /backpacks
[2025-09-03 11:43:03] [INFO] API Request: GET /gear
[2025-09-03 11:43:03] [ERROR] API Error: Failed to fetch gear: SQLSTATE[HY000]: General error: 1 no such table: gear_preferences
[2025-09-03 11:43:03] [INFO] API Request: GET /backpacks
[2025-09-03 11:43:04] [INFO] API Request: GET /backpacks
[2025-09-03 11:43:04] [INFO] API Request: GET /gear
[2025-09-03 11:43:04] [ERROR] API Error: Failed to fetch gear: SQLSTATE[HY000]: General error: 1 no such table: gear_preferences
[2025-09-03 11:43:04] [INFO] API Request: GET /backpacks
[03-Sep-2025 11:43:07 UTC] PHP Warning:  Undefined array key "REQUEST_METHOD" in C:\xampp2\htdocs\BTT\api\config.php on line 40
[03-Sep-2025 11:43:07 UTC] PHP Warning:  session_start(): Session cannot be started after headers have already been sent in C:\xampp2\htdocs\BTT\api\config.php on line 46
[03-Sep-2025 11:43:07 UTC] PHP Fatal error:  Uncaught Error: Call to undefined method PDOStatement::fetchArray() in C:\xampp2\htdocs\BTT\api\migrations\add_default_images.php:29
Stack trace:
#0 C:\xampp2\htdocs\BTT\api\migrations\add_default_images.php(63): runMigration()
#1 {main}
  thrown in C:\xampp2\htdocs\BTT\api\migrations\add_default_images.php on line 29
[2025-09-03 11:43:37] [INFO] API Request: GET /backpacks
[2025-09-03 11:43:43] [INFO] API Request: GET /backpacks
[2025-09-03 11:43:52] [INFO] API Request: GET /backpacks
[2025-09-03 11:43:52] [INFO] API Request: GET /gear
[2025-09-03 11:43:52] [ERROR] API Error: Failed to fetch gear: SQLSTATE[HY000]: General error: 1 no such table: gear_preferences
[2025-09-03 11:43:52] [INFO] API Request: GET /backpacks
[2025-09-03 11:46:48] [INFO] API Request: GET /backpacks
[2025-09-03 11:46:48] [INFO] API Request: GET /gear
[2025-09-03 11:46:48] [ERROR] API Error: Failed to fetch gear: SQLSTATE[HY000]: General error: 1 no such table: gear_preferences
[2025-09-03 11:46:48] [INFO] API Request: GET /backpacks
[2025-09-03 11:47:47] [INFO] API Request: GET /backpacks
[2025-09-03 11:47:47] [INFO] API Request: GET /gear
[2025-09-03 11:47:47] [ERROR] API Error: Failed to fetch gear: SQLSTATE[HY000]: General error: 1 no such table: gear_preferences
[2025-09-03 11:47:48] [INFO] API Request: GET /backpacks
[2025-09-03 11:47:48] [INFO] API Request: GET /backpacks
[2025-09-03 11:47:48] [INFO] API Request: GET /gear
[2025-09-03 11:47:48] [ERROR] API Error: Failed to fetch gear: SQLSTATE[HY000]: General error: 1 no such table: gear_preferences
[2025-09-03 11:47:48] [INFO] API Request: GET /backpacks
[2025-09-03 11:47:50] [INFO] API Request: GET /backpacks
[2025-09-03 11:47:50] [INFO] API Request: GET /trips
[2025-09-03 11:47:50] [INFO] API Request: GET /trips
[2025-09-03 11:47:50] [INFO] API Request: GET /backpacks
[2025-09-03 11:47:51] [INFO] API Request: GET /backpacks
[2025-09-03 11:47:51] [INFO] API Request: GET /trips
[2025-09-03 11:47:52] [INFO] API Request: GET /trips/1
[2025-09-03 11:47:55] [INFO] API Request: PUT /trips/1
[2025-09-03 11:47:55] [ERROR] API Error: Failed to update trip: SQLSTATE[HY000]: General error: 1 no such column: default_image_url
[03-Sep-2025 11:48:24 UTC] PHP Warning:  Undefined array key "REQUEST_METHOD" in C:\xampp2\htdocs\BTT\api\config.php on line 40
[03-Sep-2025 11:48:24 UTC] PHP Warning:  session_start(): Session cannot be started after headers have already been sent in C:\xampp2\htdocs\BTT\api\config.php on line 46
[2025-09-03 11:48:59] [INFO] API Request: GET /backpacks
[2025-09-03 11:48:59] [INFO] API Request: GET /trips
[2025-09-03 11:49:01] [INFO] API Request: GET /trips/1
[2025-09-03 11:49:06] [INFO] API Request: PUT /trips/1
[2025-09-03 11:49:06] [INFO] API Request: GET /trips
[2025-09-03 11:49:13] [INFO] API Request: GET /trips/2
[2025-09-03 11:49:16] [INFO] API Request: PUT /trips/2
[2025-09-03 11:49:16] [INFO] API Request: GET /trips
[2025-09-03 11:49:29] [INFO] API Request: POST /trips
[2025-09-03 11:49:29] [ERROR] API Error: Failed to create trip: SQLSTATE[23000]: Integrity constraint violation: 19 FOREIGN KEY constraint failed
[2025-09-03 11:49:34] [INFO] API Request: POST /trips
[2025-09-03 11:49:34] [INFO] API Request: POST /trips
[2025-09-03 11:49:34] [INFO] API Request: PUT /trips/4
[2025-09-03 11:49:34] [INFO] API Request: GET /trips/5
[2025-09-03 11:49:34] [INFO] API Request: GET /trips
[2025-09-03 11:49:34] [INFO] API Request: PUT /trips/5
[2025-09-03 11:49:34] [INFO] API Request: DELETE /trips/4
[2025-09-03 11:49:34] [INFO] API Request: DELETE /trips/5
[2025-09-03 11:50:09] [INFO] API Request: GET /trips/1
[2025-09-03 11:50:14] [INFO] API Request: PUT /trips/1
[2025-09-03 11:50:14] [INFO] API Request: GET /trips
[2025-09-03 11:50:17] [INFO] API Request: GET /trips
[2025-09-03 11:50:17] [INFO] API Request: GET /backpacks
[2025-09-03 11:50:25] [INFO] API Request: POST /trips
[2025-09-03 11:50:25] [ERROR] API Error: Failed to create trip: SQLSTATE[23000]: Integrity constraint violation: 19 FOREIGN KEY constraint failed
[03-Sep-2025 11:50:57 UTC] PHP Warning:  Undefined array key "REQUEST_METHOD" in C:\xampp2\htdocs\BTT\api\config.php on line 40
[03-Sep-2025 11:50:57 UTC] PHP Warning:  session_start(): Session cannot be started after headers have already been sent in C:\xampp2\htdocs\BTT\api\config.php on line 46
[2025-09-03 11:51:26] [INFO] API Request: GET /trips
[2025-09-03 11:51:26] [INFO] API Request: GET /backpacks
[2025-09-03 11:51:26] [INFO] API Request: GET /trips
[2025-09-03 11:51:26] [INFO] API Request: GET /backpacks
[2025-09-03 11:51:30] [INFO] API Request: GET /trips
[2025-09-03 11:51:30] [INFO] API Request: GET /backpacks
[2025-09-03 11:51:39] [INFO] API Request: POST /trips
[2025-09-03 11:51:39] [INFO] API Request: GET /trips
[03-Sep-2025 11:51:41 UTC] PHP Warning:  Undefined array key "REQUEST_METHOD" in C:\xampp2\htdocs\BTT\api\config.php on line 40
[03-Sep-2025 11:51:41 UTC] PHP Warning:  session_start(): Session cannot be started after headers have already been sent in C:\xampp2\htdocs\BTT\api\config.php on line 46
[2025-09-03 11:51:47] [INFO] API Request: GET /trips/3
[2025-09-03 11:51:55] [INFO] API Request: GET /trips
[2025-09-03 11:51:55] [INFO] API Request: GET /backpacks
[2025-09-03 11:51:56] [INFO] API Request: GET /backpacks
[2025-09-03 11:51:56] [INFO] API Request: GET /gear
[2025-09-03 11:51:56] [ERROR] API Error: Failed to fetch gear: SQLSTATE[HY000]: General error: 1 no such table: gear_preferences
[2025-09-03 11:51:56] [INFO] API Request: GET /backpacks
[03-Sep-2025 11:52:28 UTC] PHP Warning:  Undefined array key "REQUEST_METHOD" in C:\xampp2\htdocs\BTT\api\config.php on line 40
[03-Sep-2025 11:52:28 UTC] PHP Warning:  session_start(): Session cannot be started after headers have already been sent in C:\xampp2\htdocs\BTT\api\config.php on line 46
[2025-09-03 11:52:40] [INFO] API Request: POST /trips
[2025-09-03 11:52:40] [INFO] API Request: POST /trips
[2025-09-03 11:52:40] [INFO] API Request: PUT /trips/9
[2025-09-03 11:52:40] [INFO] API Request: GET /trips/10
[2025-09-03 11:52:40] [INFO] API Request: GET /trips
[2025-09-03 11:52:40] [INFO] API Request: PUT /trips/10
[2025-09-03 11:52:40] [INFO] API Request: DELETE /trips/9
[2025-09-03 11:52:40] [INFO] API Request: DELETE /trips/10
[2025-09-03 11:54:47] [INFO] API Request: GET /health
[2025-09-03 11:54:57] [INFO] API Request: GET /backpacks
[2025-09-03 11:55:05] [INFO] API Request: GET /backpacks
[2025-09-03 11:55:05] [INFO] API Request: GET /gear
[2025-09-03 11:55:05] [ERROR] API Error: Failed to fetch gear: SQLSTATE[HY000]: General error: 1 no such table: gear_preferences
[2025-09-03 11:55:05] [INFO] API Request: GET /backpacks
[2025-09-03 11:55:24] [INFO] API Request: GET /backpacks
[2025-09-03 11:55:26] [INFO] API Request: GET /backpacks
[2025-09-03 11:55:29] [INFO] API Request: GET /backpacks
[2025-09-03 11:55:30] [INFO] API Request: GET /trips
[2025-09-03 11:55:30] [INFO] API Request: GET /backpacks
[2025-09-03 11:55:30] [INFO] API Request: GET /trips
[2025-09-03 11:55:30] [INFO] API Request: GET /backpacks
[2025-09-03 11:55:31] [INFO] API Request: GET /backpacks
[2025-09-03 11:55:31] [INFO] API Request: GET /gear
[2025-09-03 11:55:31] [ERROR] API Error: Failed to fetch gear: SQLSTATE[HY000]: General error: 1 no such table: gear_preferences
[2025-09-03 11:55:31] [INFO] API Request: GET /backpacks
[2025-09-03 11:55:34] [INFO] API Request: GET /backpacks
[2025-09-03 11:55:34] [INFO] API Request: GET /gear
[2025-09-03 11:55:34] [ERROR] API Error: Failed to fetch gear: SQLSTATE[HY000]: General error: 1 no such table: gear_preferences
[2025-09-03 11:55:34] [INFO] API Request: GET /backpacks
[2025-09-03 11:58:54] [INFO] API Request: GET /backpacks
[2025-09-03 11:58:54] [INFO] API Request: GET /gear
[2025-09-03 11:58:54] [ERROR] API Error: Failed to fetch gear: SQLSTATE[HY000]: General error: 1 no such table: gear_preferences
[2025-09-03 11:58:54] [INFO] API Request: GET /backpacks
[2025-09-03 11:58:55] [INFO] API Request: GET /backpacks
[2025-09-03 11:58:55] [INFO] API Request: GET /trips
[2025-09-03 11:58:57] [INFO] API Request: GET /backpacks
[2025-09-03 11:58:57] [INFO] API Request: GET /gear
[2025-09-03 11:58:57] [ERROR] API Error: Failed to fetch gear: SQLSTATE[HY000]: General error: 1 no such table: gear_preferences
[2025-09-03 11:58:57] [INFO] API Request: GET /backpacks
[2025-09-03 11:59:58] [INFO] API Request: GET /backpacks
[2025-09-03 11:59:58] [INFO] API Request: GET /gear
[2025-09-03 11:59:58] [ERROR] API Error: Failed to fetch gear: SQLSTATE[HY000]: General error: 1 no such table: gear_preferences
[2025-09-03 11:59:58] [INFO] API Request: GET /backpacks
[2025-09-03 12:00:01] [INFO] API Request: GET /backpacks
[2025-09-03 12:00:01] [INFO] API Request: GET /gear
[2025-09-03 12:00:01] [ERROR] API Error: Failed to fetch gear: SQLSTATE[HY000]: General error: 1 no such table: gear_preferences
[2025-09-03 12:00:01] [INFO] API Request: GET /backpacks
[03-Sep-2025 12:00:01 UTC] PHP Fatal error:  Uncaught Error: Undefined constant "DB_PATH" in C:\xampp2\htdocs\BTT\api\classes\Database.php:28
Stack trace:
#0 C:\xampp2\htdocs\BTT\api\classes\Database.php(16): Database->initSQLite()
#1 C:\xampp2\htdocs\BTT\api\classes\Database.php(67): Database->__construct()
#2 C:\xampp2\htdocs\BTT\test\tools\storage.php(46): Database::getInstance()
#3 C:\xampp2\htdocs\BTT\test\tools\storage.php(19): BTT\Test\Tools\Storage->detectStorageDriver()
#4 C:\xampp2\htdocs\BTT\test\tools\storage.php(30): BTT\Test\Tools\Storage->__construct()
#5 C:\xampp2\htdocs\BTT\test\includes\header.php(27): BTT\Test\Tools\Storage::getInstance()
#6 C:\xampp2\htdocs\BTT\test\index.php(13): require_once('C:\\xampp2\\htdoc...')
#7 {main}
  thrown in C:\xampp2\htdocs\BTT\api\classes\Database.php on line 28
[03-Sep-2025 12:00:03 UTC] PHP Fatal error:  Uncaught Error: Undefined constant "DB_PATH" in C:\xampp2\htdocs\BTT\api\classes\Database.php:28
Stack trace:
#0 C:\xampp2\htdocs\BTT\api\classes\Database.php(16): Database->initSQLite()
#1 C:\xampp2\htdocs\BTT\api\classes\Database.php(67): Database->__construct()
#2 C:\xampp2\htdocs\BTT\test\tools\storage.php(46): Database::getInstance()
#3 C:\xampp2\htdocs\BTT\test\tools\storage.php(19): BTT\Test\Tools\Storage->detectStorageDriver()
#4 C:\xampp2\htdocs\BTT\test\tools\storage.php(30): BTT\Test\Tools\Storage->__construct()
#5 C:\xampp2\htdocs\BTT\test\includes\header.php(27): BTT\Test\Tools\Storage::getInstance()
#6 C:\xampp2\htdocs\BTT\test\index.php(13): require_once('C:\\xampp2\\htdoc...')
#7 {main}
  thrown in C:\xampp2\htdocs\BTT\api\classes\Database.php on line 28
[03-Sep-2025 12:00:09 UTC] PHP Fatal error:  Uncaught Error: Undefined constant "DB_PATH" in C:\xampp2\htdocs\BTT\api\classes\Database.php:28
Stack trace:
#0 C:\xampp2\htdocs\BTT\api\classes\Database.php(16): Database->initSQLite()
#1 C:\xampp2\htdocs\BTT\api\classes\Database.php(67): Database->__construct()
#2 C:\xampp2\htdocs\BTT\test\tools\storage.php(46): Database::getInstance()
#3 C:\xampp2\htdocs\BTT\test\tools\storage.php(19): BTT\Test\Tools\Storage->detectStorageDriver()
#4 C:\xampp2\htdocs\BTT\test\tools\storage.php(30): BTT\Test\Tools\Storage->__construct()
#5 C:\xampp2\htdocs\BTT\test\includes\header.php(27): BTT\Test\Tools\Storage::getInstance()
#6 C:\xampp2\htdocs\BTT\test\index.php(13): require_once('C:\\xampp2\\htdoc...')
#7 {main}
  thrown in C:\xampp2\htdocs\BTT\api\classes\Database.php on line 28
[2025-09-03 12:00:11] [INFO] API Request: GET /backpacks
[2025-09-03 12:00:11] [INFO] API Request: GET /gear
[2025-09-03 12:00:11] [ERROR] API Error: Failed to fetch gear: SQLSTATE[HY000]: General error: 1 no such table: gear_preferences
[2025-09-03 12:00:11] [INFO] API Request: GET /backpacks
[2025-09-03 12:00:14] [INFO] API Request: GET /backpacks
[2025-09-03 12:00:15] [INFO] API Request: POST /trips
[2025-09-03 12:00:15] [INFO] API Request: DELETE /trips/11
[2025-09-03 12:00:23] [INFO] API Request: GET /trips
[2025-09-03 12:00:23] [INFO] API Request: GET /backpacks
[2025-09-03 12:00:25] [INFO] API Request: GET /trips/6
[2025-09-03 12:00:49] [INFO] API Request: PUT /trips/6
[2025-09-03 12:00:49] [INFO] API Request: GET /trips
[03-Sep-2025 12:01:05 UTC] PHP Fatal error:  Uncaught Error: Undefined constant "DB_PATH" in C:\xampp2\htdocs\BTT\api\classes\Database.php:28
Stack trace:
#0 C:\xampp2\htdocs\BTT\api\classes\Database.php(16): Database->initSQLite()
#1 C:\xampp2\htdocs\BTT\api\classes\Database.php(67): Database->__construct()
#2 C:\xampp2\htdocs\BTT\test\security_test.php(146): Database::getInstance()
#3 {main}
  thrown in C:\xampp2\htdocs\BTT\api\classes\Database.php on line 28
[2025-09-03 12:01:17] [INFO] API Request: GET /backpacks
[2025-09-03 12:01:17] [INFO] API Request: GET /gear
[2025-09-03 12:01:17] [ERROR] API Error: Failed to fetch gear: SQLSTATE[HY000]: General error: 1 no such table: gear_preferences
[2025-09-03 12:01:17] [INFO] API Request: GET /backpacks
[03-Sep-2025 12:01:18 UTC] PHP Warning:  Undefined array key "REQUEST_METHOD" in C:\xampp2\htdocs\BTT\api\config.php on line 40
[03-Sep-2025 12:01:18 UTC] PHP Warning:  session_start(): Session cannot be started after headers have already been sent in C:\xampp2\htdocs\BTT\api\config.php on line 46
[03-Sep-2025 12:01:18 UTC] PHP Warning:  Cannot modify header information - headers already sent by (output started at C:\xampp2\htdocs\BTT\api\config.php:40) in C:\xampp2\htdocs\BTT\test\security_test.php on line 13
[03-Sep-2025 12:01:18 UTC] PHP Warning:  session_start(): Session cannot be started after headers have already been sent in C:\xampp2\htdocs\BTT\test\security_test.php on line 211
[2025-09-03 12:01:19] [INFO] API Request: GET /trips
[2025-09-03 12:01:19] [INFO] API Request: GET /backpacks
[2025-09-03 12:01:21] [INFO] API Request: GET /backpacks
[2025-09-03 12:01:21] [INFO] API Request: GET /gear
[2025-09-03 12:01:21] [ERROR] API Error: Failed to fetch gear: SQLSTATE[HY000]: General error: 1 no such table: gear_preferences
[2025-09-03 12:01:21] [INFO] API Request: GET /backpacks
[2025-09-03 12:01:35] [INFO] API Request: GET /trips
[2025-09-03 12:01:35] [INFO] API Request: GET /backpacks
[2025-09-03 12:01:35] [INFO] API Request: GET /trips
[2025-09-03 12:01:35] [INFO] API Request: GET /backpacks
[2025-09-03 12:01:46] [INFO] API Request: GET /trips
[2025-09-03 12:01:46] [INFO] API Request: GET /backpacks
[2025-09-03 12:01:46] [INFO] API Request: GET /trips
[2025-09-03 12:01:46] [INFO] API Request: GET /backpacks
[2025-09-03 12:01:56] [INFO] API Request: GET /trips
[2025-09-03 12:01:56] [INFO] API Request: GET /backpacks
[2025-09-03 12:01:56] [INFO] API Request: GET /trips
[2025-09-03 12:01:56] [INFO] API Request: GET /backpacks
[2025-09-03 12:01:57] [INFO] API Request: GET /trips
[2025-09-03 12:01:57] [INFO] API Request: GET /backpacks
[2025-09-03 12:02:34] [INFO] API Request: GET /trips/6
[2025-09-03 12:03:29] [INFO] API Request: PUT /trips/6
[2025-09-03 12:03:29] [INFO] API Request: GET /trips
[2025-09-03 12:03:36] [INFO] API Request: DELETE /trips/2
[2025-09-03 12:03:36] [INFO] API Request: GET /trips
[2025-09-03 12:03:39] [INFO] API Request: DELETE /trips/3
[2025-09-03 12:03:39] [INFO] API Request: GET /trips
[03-Sep-2025 12:05:39 UTC] PHP Fatal error:  Uncaught Error: Undefined constant "DB_PATH" in C:\xampp2\htdocs\BTT\api\classes\Database.php:28
Stack trace:
#0 C:\xampp2\htdocs\BTT\api\classes\Database.php(16): Database->initSQLite()
#1 C:\xampp2\htdocs\BTT\api\classes\Database.php(67): Database->__construct()
#2 C:\xampp2\htdocs\BTT\test\tools\storage.php(46): Database::getInstance()
#3 C:\xampp2\htdocs\BTT\test\tools\storage.php(19): BTT\Test\Tools\Storage->detectStorageDriver()
#4 C:\xampp2\htdocs\BTT\test\tools\storage.php(30): BTT\Test\Tools\Storage->__construct()
#5 C:\xampp2\htdocs\BTT\test\includes\header.php(27): BTT\Test\Tools\Storage::getInstance()
#6 C:\xampp2\htdocs\BTT\test\index.php(13): require_once('C:\\xampp2\\htdoc...')
#7 {main}
  thrown in C:\xampp2\htdocs\BTT\api\classes\Database.php on line 28
[2025-09-03 12:05:40] [INFO] API Request: GET /trips
[2025-09-03 12:05:40] [INFO] API Request: GET /backpacks
[2025-09-03 12:05:42] [INFO] API Request: GET /trips
[2025-09-03 12:05:42] [INFO] API Request: GET /backpacks
[2025-09-03 12:05:42] [INFO] API Request: GET /trips
[2025-09-03 12:05:42] [INFO] API Request: GET /backpacks
[2025-09-03 12:05:43] [INFO] API Request: GET /backpacks
[2025-09-03 12:05:43] [INFO] API Request: GET /trips
[2025-09-03 12:05:44] [INFO] API Request: GET /backpacks
[2025-09-03 12:05:44] [INFO] API Request: GET /gear
[2025-09-03 12:05:44] [ERROR] API Error: Failed to fetch gear: SQLSTATE[HY000]: General error: 1 no such table: gear_preferences
[2025-09-03 12:05:44] [INFO] API Request: GET /backpacks
[2025-09-03 12:05:44] [INFO] API Request: GET /backpacks
[2025-09-03 12:05:44] [INFO] API Request: GET /trips
[2025-09-03 12:05:44] [INFO] API Request: GET /trips
[2025-09-03 12:05:44] [INFO] API Request: GET /backpacks
[03-Sep-2025 12:05:45 UTC] PHP Fatal error:  Uncaught Error: Undefined constant "DB_PATH" in C:\xampp2\htdocs\BTT\api\classes\Database.php:28
Stack trace:
#0 C:\xampp2\htdocs\BTT\api\classes\Database.php(16): Database->initSQLite()
#1 C:\xampp2\htdocs\BTT\api\classes\Database.php(67): Database->__construct()
#2 C:\xampp2\htdocs\BTT\test\tools\storage.php(46): Database::getInstance()
#3 C:\xampp2\htdocs\BTT\test\tools\storage.php(19): BTT\Test\Tools\Storage->detectStorageDriver()
#4 C:\xampp2\htdocs\BTT\test\tools\storage.php(30): BTT\Test\Tools\Storage->__construct()
#5 C:\xampp2\htdocs\BTT\test\includes\header.php(27): BTT\Test\Tools\Storage::getInstance()
#6 C:\xampp2\htdocs\BTT\test\index.php(13): require_once('C:\\xampp2\\htdoc...')
#7 {main}
  thrown in C:\xampp2\htdocs\BTT\api\classes\Database.php on line 28
[2025-09-03 12:06:03] [INFO] API Request: GET /backpacks
[2025-09-03 12:06:03] [INFO] API Request: GET /trips
[2025-09-03 12:06:03] [INFO] API Request: GET /trips
[2025-09-03 12:06:03] [INFO] API Request: GET /backpacks
[2025-09-03 12:06:06] [INFO] API Request: GET /trips
[2025-09-03 12:06:06] [INFO] API Request: GET /backpacks
[2025-09-03 12:06:56] [INFO] API Request: GET /trips
[2025-09-03 12:06:56] [INFO] API Request: GET /backpacks
[2025-09-03 12:06:56] [INFO] API Request: GET /trips
[2025-09-03 12:06:56] [INFO] API Request: GET /backpacks
[2025-09-03 12:07:05] [INFO] API Request: GET /trips
[2025-09-03 12:07:05] [INFO] API Request: GET /backpacks
[2025-09-03 12:07:06] [INFO] API Request: GET /backpacks
[2025-09-03 12:07:06] [INFO] API Request: GET /gear
[03-Sep-2025 12:07:06 UTC] PHP Parse error:  syntax error, unexpected token "else" in C:\xampp2\htdocs\BTT\api\routes\gear.php on line 494
[2025-09-03 12:07:06] [INFO] API Request: GET /backpacks
[2025-09-03 12:08:12] [INFO] API Request: GET /gear
[03-Sep-2025 12:08:12 UTC] PHP Parse error:  syntax error, unexpected token "else" in C:\xampp2\htdocs\BTT\api\routes\gear.php on line 508
[2025-09-03 12:08:59] [INFO] API Request: GET /gear
[03-Sep-2025 12:08:59 UTC] PHP Fatal error:  Cannot redeclare getGearById() (previously declared in C:\xampp2\htdocs\BTT\api\routes\gear.php:208) in C:\xampp2\htdocs\BTT\api\routes\gear.php on line 461
[2025-09-03 12:09:07] [INFO] API Request: GET /gear
[03-Sep-2025 12:09:07 UTC] PHP Fatal error:  Cannot redeclare getGearById() (previously declared in C:\xampp2\htdocs\BTT\api\routes\gear.php:208) in C:\xampp2\htdocs\BTT\api\routes\gear.php on line 461
[2025-09-03 12:10:40] [INFO] API Request: GET /gear
[03-Sep-2025 12:10:40 UTC] PHP Deprecated:  file_exists(): Passing null to parameter #1 ($filename) of type string is deprecated in C:\xampp2\htdocs\BTT\app\models\Gear.php on line 33
[2025-09-03 12:32:55] [INFO] API Request: GET /backpacks
[2025-09-03 12:32:55] [INFO] API Request: GET /backpacks
[2025-09-03 12:32:55] [INFO] API Request: GET /gear
[03-Sep-2025 12:32:55 UTC] PHP Deprecated:  file_exists(): Passing null to parameter #1 ($filename) of type string is deprecated in C:\xampp2\htdocs\BTT\app\models\Gear.php on line 33
[2025-09-03 12:32:57] [INFO] API Request: GET /backpacks
[2025-09-03 12:32:57] [INFO] API Request: GET /gear
[03-Sep-2025 12:32:57 UTC] PHP Deprecated:  file_exists(): Passing null to parameter #1 ($filename) of type string is deprecated in C:\xampp2\htdocs\BTT\app\models\Gear.php on line 33
[2025-09-03 12:32:57] [INFO] API Request: GET /backpacks
[2025-09-03 12:34:18] [INFO] API Request: GET /backpacks
[2025-09-03 12:34:18] [INFO] API Request: GET /backpacks
[2025-09-03 12:34:18] [INFO] API Request: GET /gear
[03-Sep-2025 12:34:18 UTC] PHP Deprecated:  file_exists(): Passing null to parameter #1 ($filename) of type string is deprecated in C:\xampp2\htdocs\BTT\app\models\Gear.php on line 33
[2025-09-03 12:43:51] [INFO] API Request: GET /backpacks
[2025-09-03 12:43:51] [INFO] API Request: GET /gear
[03-Sep-2025 12:43:51 UTC] PHP Deprecated:  file_exists(): Passing null to parameter #1 ($filename) of type string is deprecated in C:\xampp2\htdocs\BTT\app\models\Gear.php on line 33
[2025-09-03 12:43:51] [INFO] API Request: GET /backpacks
[2025-09-03 12:43:51] [INFO] API Request: GET /gear/prefs
[2025-09-03 12:43:51] [INFO] API Request: GET /gear
[03-Sep-2025 12:43:51 UTC] PHP Deprecated:  file_exists(): Passing null to parameter #1 ($filename) of type string is deprecated in C:\xampp2\htdocs\BTT\app\models\Gear.php on line 33
[2025-09-03 12:43:55] [INFO] API Request: GET /gear
[03-Sep-2025 12:43:55 UTC] PHP Deprecated:  file_exists(): Passing null to parameter #1 ($filename) of type string is deprecated in C:\xampp2\htdocs\BTT\app\models\Gear.php on line 33
[2025-09-03 12:43:55] [INFO] API Request: PUT /gear/prefs
[2025-09-03 12:43:56] [INFO] API Request: GET /gear
[2025-09-03 12:43:56] [INFO] API Request: PUT /gear/prefs
[2025-09-03 12:43:57] [INFO] API Request: GET /gear
[03-Sep-2025 12:43:57 UTC] PHP Deprecated:  file_exists(): Passing null to parameter #1 ($filename) of type string is deprecated in C:\xampp2\htdocs\BTT\app\models\Gear.php on line 33
[2025-09-03 12:43:57] [INFO] API Request: PUT /gear/prefs
[2025-09-03 12:44:30] [INFO] API Request: GET /gear
[03-Sep-2025 12:44:30 UTC] PHP Deprecated:  file_exists(): Passing null to parameter #1 ($filename) of type string is deprecated in C:\xampp2\htdocs\BTT\app\models\Gear.php on line 33
[2025-09-03 12:44:30] [INFO] API Request: PUT /gear/prefs
[2025-09-03 12:46:43] [INFO] API Request: GET /gear
[03-Sep-2025 12:46:43 UTC] PHP Deprecated:  file_exists(): Passing null to parameter #1 ($filename) of type string is deprecated in C:\xampp2\htdocs\BTT\app\models\Gear.php on line 33
[2025-09-03 12:46:56] [INFO] API Request: GET /gear
[03-Sep-2025 12:46:56 UTC] PHP Deprecated:  file_exists(): Passing null to parameter #1 ($filename) of type string is deprecated in C:\xampp2\htdocs\BTT\app\models\Gear.php on line 33
[03-Sep-2025 13:25:32 UTC] PHP Fatal error:  Uncaught Error: Undefined constant "DB_PATH" in C:\xampp2\htdocs\BTT\api\classes\Database.php:28
Stack trace:
#0 C:\xampp2\htdocs\BTT\api\classes\Database.php(16): Database->initSQLite()
#1 C:\xampp2\htdocs\BTT\api\classes\Database.php(67): Database->__construct()
#2 C:\xampp2\htdocs\BTT\test\tools\storage.php(46): Database::getInstance()
#3 C:\xampp2\htdocs\BTT\test\tools\storage.php(19): BTT\Test\Tools\Storage->detectStorageDriver()
#4 C:\xampp2\htdocs\BTT\test\tools\storage.php(30): BTT\Test\Tools\Storage->__construct()
#5 C:\xampp2\htdocs\BTT\test\includes\header.php(27): BTT\Test\Tools\Storage::getInstance()
#6 C:\xampp2\htdocs\BTT\test\index.php(13): require_once('C:\\xampp2\\htdoc...')
#7 {main}
  thrown in C:\xampp2\htdocs\BTT\api\classes\Database.php on line 28
[2025-09-03 13:25:35] [INFO] API Request: GET /trips
[2025-09-03 13:25:35] [INFO] API Request: GET /backpacks
[2025-09-03 13:25:35] [INFO] API Request: GET /trips
[2025-09-03 13:25:35] [INFO] API Request: GET /backpacks
[2025-09-03 13:25:40] [INFO] API Request: GET /trips
[2025-09-03 13:25:40] [INFO] API Request: GET /backpacks
[2025-09-03 13:25:40] [INFO] API Request: GET /trips
[2025-09-03 13:25:40] [INFO] API Request: GET /backpacks
[2025-09-03 13:25:41] [INFO] API Request: GET /trips
[2025-09-03 13:25:41] [INFO] API Request: GET /backpacks
[2025-09-03 13:26:26] [INFO] API Request: GET /trips
[2025-09-03 13:26:26] [INFO] API Request: GET /backpacks
[2025-09-03 13:26:27] [INFO] API Request: GET /backpacks
[2025-09-03 13:26:27] [INFO] API Request: GET /gear
[2025-09-03 13:26:27] [INFO] API Request: GET /backpacks
[03-Sep-2025 13:26:30 UTC] PHP Fatal error:  Uncaught Error: Undefined constant "DB_PATH" in C:\xampp2\htdocs\BTT\api\classes\Database.php:28
Stack trace:
#0 C:\xampp2\htdocs\BTT\api\classes\Database.php(16): Database->initSQLite()
#1 C:\xampp2\htdocs\BTT\api\classes\Database.php(67): Database->__construct()
#2 C:\xampp2\htdocs\BTT\test\tools\storage.php(46): Database::getInstance()
#3 C:\xampp2\htdocs\BTT\test\tools\storage.php(19): BTT\Test\Tools\Storage->detectStorageDriver()
#4 C:\xampp2\htdocs\BTT\test\tools\storage.php(30): BTT\Test\Tools\Storage->__construct()
#5 C:\xampp2\htdocs\BTT\test\includes\header.php(27): BTT\Test\Tools\Storage::getInstance()
#6 C:\xampp2\htdocs\BTT\test\index.php(13): require_once('C:\\xampp2\\htdoc...')
#7 {main}
  thrown in C:\xampp2\htdocs\BTT\api\classes\Database.php on line 28
[2025-09-03 13:26:31] [INFO] API Request: GET /backpacks
[2025-09-03 13:26:31] [INFO] API Request: GET /gear
[2025-09-03 13:26:31] [INFO] API Request: GET /backpacks
[2025-09-03 13:26:32] [INFO] API Request: GET /gear/prefs
[2025-09-03 13:26:32] [INFO] API Request: GET /gear
[2025-09-03 13:26:32] [INFO] API Request: GET /gear
[2025-09-03 13:26:37] [INFO] API Request: GET /gear
[2025-09-03 13:26:37] [INFO] API Request: PUT /gear/prefs
[2025-09-03 13:26:39] [INFO] API Request: PUT /gear/prefs
[2025-09-03 13:26:39] [INFO] API Request: GET /gear
[2025-09-03 13:26:45] [INFO] API Request: PUT /gear/prefs
[2025-09-03 13:26:45] [INFO] API Request: GET /gear
[2025-09-03 13:26:46] [INFO] API Request: POST /gear/default/def-shelter-tent-2p
[2025-09-03 13:26:46] [ERROR] API Error: Invalid action
[2025-09-03 13:26:54] [INFO] API Request: PUT /gear/prefs
[2025-09-03 13:26:54] [INFO] API Request: GET /gear
[2025-09-03 13:26:55] [INFO] API Request: PUT /gear/prefs
[2025-09-03 13:26:55] [INFO] API Request: GET /gear
[2025-09-03 13:27:17] [INFO] API Request: GET /gear
[2025-09-03 13:27:25] [INFO] API Request: GET /gear
[2025-09-03 13:27:27] [INFO] API Request: GET /backpacks
[2025-09-03 13:27:27] [INFO] API Request: GET /trips
[2025-09-03 13:27:32] [INFO] API Request: GET /trips/6
[2025-09-03 13:27:39] [INFO] API Request: PUT /gear/preferences
[2025-09-03 13:27:39] [ERROR] API Error: Route 'gear/preferences' not found
[2025-09-03 13:27:50] [INFO] API Request: GET /backpacks
[2025-09-03 13:27:50] [INFO] API Request: GET /gear
[2025-09-03 13:27:50] [INFO] API Request: GET /backpacks
[2025-09-03 13:27:58] [INFO] API Request: POST /gear
[2025-09-03 13:27:58] [INFO] API Request: GET /gear
[2025-09-03 13:28:03] [INFO] API Request: GET /backpacks
[2025-09-03 13:28:41] [INFO] API Request: GET /trips
[2025-09-03 13:28:41] [INFO] API Request: GET /backpacks
[2025-09-03 13:28:41] [INFO] API Request: GET /trips
[2025-09-03 13:28:41] [INFO] API Request: GET /backpacks
[2025-09-03 13:28:46] [INFO] API Request: GET /trips
[2025-09-03 13:28:46] [INFO] API Request: GET /backpacks
[2025-09-03 13:28:47] [INFO] API Request: GET /trips/6
[2025-09-03 13:29:01] [INFO] API Request: GET /backpacks
[2025-09-03 13:29:01] [INFO] API Request: GET /trips
[2025-09-03 13:29:01] [INFO] API Request: GET /trips
[2025-09-03 13:29:01] [INFO] API Request: GET /backpacks
[2025-09-03 13:29:17] [INFO] API Request: PUT /gear/prefs
[2025-09-03 13:29:17] [ERROR] API Error: Route 'gear/prefs' not found
[2025-09-03 13:29:33] [INFO] API Request: PUT /gear/prefs
[2025-09-03 13:29:41] [INFO] API Request: GET /gear
[2025-09-03 13:29:51] [INFO] API Request: GET /gear
[2025-09-03 13:30:28] [INFO] API Request: GET /backpacks
[2025-09-03 13:30:28] [INFO] API Request: GET /gear
[2025-09-03 13:30:28] [INFO] API Request: GET /backpacks
[2025-09-03 13:37:32] [INFO] API Request: GET /backpacks
[2025-09-03 13:37:32] [INFO] API Request: GET /backpacks
[2025-09-03 13:37:32] [INFO] API Request: GET /gear
[2025-09-03 13:37:33] [INFO] API Request: GET /gear/prefs
[2025-09-03 13:37:33] [INFO] API Request: GET /gear
[2025-09-03 13:37:33] [INFO] API Request: GET /gear
[2025-09-03 13:37:51] [INFO] API Request: GET /gear
[2025-09-03 13:37:53] [INFO] API Request: GET /gear
[2025-09-03 13:37:58] [INFO] API Request: GET /gear
[2025-09-03 13:37:59] [INFO] API Request: GET /gear
[2025-09-03 13:38:00] [INFO] API Request: PUT /gear/prefs
[2025-09-03 13:38:00] [INFO] API Request: GET /gear
[2025-09-03 13:38:01] [INFO] API Request: PUT /gear/prefs
[2025-09-03 13:38:01] [INFO] API Request: GET /gear
[2025-09-03 13:38:50] [INFO] API Request: GET /backpacks
[2025-09-03 13:38:51] [INFO] API Request: GET /gear
[2025-09-03 13:38:51] [INFO] API Request: GET /backpacks
[2025-09-03 13:39:14] [INFO] API Request: GET /gear
[2025-09-03 13:40:37] [INFO] API Request: GET /gear
[2025-09-03 13:41:00] [INFO] API Request: GET /gear
[2025-09-03 13:41:08] [INFO] API Request: GET /backpacks
[2025-09-03 13:41:08] [INFO] API Request: GET /gear
[2025-09-03 13:41:08] [INFO] API Request: GET /backpacks
[2025-09-03 13:41:44] [INFO] API Request: GET /gear/prefs
[2025-09-03 13:41:44] [INFO] API Request: GET /gear
[2025-09-03 13:41:44] [INFO] API Request: GET /gear
[2025-09-03 13:41:46] [INFO] API Request: POST /gear/default/def-shelter-tent-2p
[2025-09-03 13:41:46] [ERROR] API Error: Invalid action
[2025-09-03 13:41:50] [INFO] API Request: PUT /gear/prefs
[2025-09-03 13:41:50] [INFO] API Request: GET /gear
[2025-09-03 13:41:52] [INFO] API Request: PUT /gear/prefs
[2025-09-03 13:41:52] [INFO] API Request: GET /gear
[2025-09-03 13:41:59] [INFO] API Request: GET /gear
[2025-09-03 13:41:59] [INFO] API Request: GET /gear
[2025-09-03 13:42:33] [INFO] API Request: DELETE /gear/1
[2025-09-03 13:42:52] [INFO] API Request: GET /gear
[2025-09-03 13:42:52] [INFO] API Request: GET /gear
[2025-09-03 13:44:38] [INFO] API Request: POST /gear
[2025-09-03 13:44:44] [INFO] API Request: PUT /gear/2
[2025-09-03 13:46:52] [INFO] API Request: POST /gear
[2025-09-03 13:47:02] [INFO] API Request: GET /backpacks
[2025-09-03 13:47:02] [INFO] API Request: GET /backpacks
[2025-09-03 13:47:02] [INFO] API Request: GET /gear
[2025-09-03 13:48:19] [INFO] API Request: GET /backpacks
[2025-09-03 13:48:19] [INFO] API Request: GET /gear
[2025-09-03 13:48:19] [INFO] API Request: GET /backpacks
[2025-09-03 13:48:20] [INFO] API Request: GET /gear/prefs
[2025-09-03 13:48:20] [INFO] API Request: GET /gear
[2025-09-03 13:48:20] [INFO] API Request: GET /gear
[2025-09-03 13:48:27] [INFO] API Request: POST /gear
[2025-09-03 13:48:27] [INFO] API Request: GET /gear
[2025-09-03 13:48:34] [INFO] API Request: PUT /gear/prefs
[2025-09-03 13:48:34] [INFO] API Request: GET /gear
[2025-09-03 13:48:42] [INFO] API Request: GET /backpacks
[2025-09-03 13:48:42] [INFO] API Request: GET /gear
[2025-09-03 13:48:42] [INFO] API Request: GET /backpacks
[2025-09-03 13:49:44] [INFO] API Request: GET /backpacks
[2025-09-03 13:49:44] [INFO] API Request: GET /gear
[2025-09-03 13:49:44] [INFO] API Request: GET /backpacks
[2025-09-03 13:49:45] [INFO] API Request: GET /backpacks
[2025-09-03 13:49:45] [INFO] API Request: GET /gear
[2025-09-03 13:49:45] [INFO] API Request: GET /backpacks
[2025-09-03 13:49:47] [INFO] API Request: GET /backpacks
[2025-09-03 13:49:47] [INFO] API Request: GET /gear
[2025-09-03 13:49:47] [INFO] API Request: GET /backpacks
[2025-09-03 13:49:52] [INFO] API Request: GET /backpacks
[2025-09-03 13:49:55] [INFO] API Request: GET /gear/prefs
[2025-09-03 13:49:55] [INFO] API Request: GET /gear
[2025-09-03 13:49:55] [INFO] API Request: GET /gear
[2025-09-03 13:50:01] [INFO] API Request: PUT /gear/prefs
[2025-09-03 13:50:02] [INFO] API Request: GET /gear
[2025-09-03 13:50:03] [INFO] API Request: POST /gear/default/def-first-aid-antiseptic
[2025-09-03 13:50:03] [ERROR] API Error: Invalid action
[2025-09-03 13:50:06] [INFO] API Request: POST /gear/default/def-clothing-baselayer-bottom
[2025-09-03 13:50:06] [ERROR] API Error: Invalid action
[2025-09-03 13:50:10] [INFO] API Request: PUT /gear/prefs
[2025-09-03 13:50:10] [INFO] API Request: GET /gear
[2025-09-03 13:50:28] [INFO] API Request: GET /gear
[2025-09-03 13:50:28] [INFO] API Request: PUT /gear/prefs
[2025-09-03 13:50:29] [INFO] API Request: PUT /gear/prefs
[2025-09-03 13:50:29] [INFO] API Request: GET /gear
[2025-09-03 13:50:35] [INFO] API Request: GET /gear
[2025-09-03 13:50:35] [INFO] API Request: GET /gear
[2025-09-03 13:52:42] [INFO] API Request: GET /backpacks
[2025-09-03 13:52:42] [INFO] API Request: GET /gear
[2025-09-03 13:52:42] [INFO] API Request: GET /backpacks
[2025-09-03 13:53:24] [INFO] API Request: GET /backpacks
[2025-09-03 13:53:24] [INFO] API Request: GET /gear
[2025-09-03 13:53:24] [INFO] API Request: GET /backpacks
[2025-09-03 13:53:25] [INFO] API Request: GET /backpacks
[2025-09-03 13:53:25] [INFO] API Request: GET /gear
[2025-09-03 13:53:25] [INFO] API Request: GET /backpacks
[2025-09-03 13:55:01] [INFO] API Request: GET /backpacks
[2025-09-03 13:55:01] [INFO] API Request: GET /backpacks
[2025-09-03 13:55:01] [INFO] API Request: GET /gear
[2025-09-03 13:55:13] [INFO] API Request: POST /gear/default/hide
[2025-09-03 13:55:25] [INFO] API Request: GET /gear
[2025-09-03 13:55:29] [INFO] API Request: GET /backpacks
[2025-09-03 13:55:29] [INFO] API Request: GET /gear
[2025-09-03 13:55:29] [INFO] API Request: GET /backpacks
[2025-09-03 13:55:30] [INFO] API Request: GET /gear/prefs
[2025-09-03 13:55:30] [INFO] API Request: GET /gear
[2025-09-03 13:55:30] [INFO] API Request: GET /gear
[2025-09-03 13:55:32] [INFO] API Request: GET /gear
[2025-09-03 13:55:38] [INFO] API Request: GET /backpacks
[2025-09-03 13:55:40] [INFO] API Request: GET /gear
[2025-09-03 13:55:49] [INFO] API Request: GET /gear
[2025-09-03 13:55:50] [INFO] API Request: GET /gear
[2025-09-03 13:55:50] [INFO] API Request: GET /gear
[2025-09-03 13:55:51] [INFO] API Request: GET /backpacks
[2025-09-03 13:55:52] [INFO] API Request: GET /gear
[2025-09-03 13:55:53] [INFO] API Request: GET /gear
[2025-09-03 13:55:53] [INFO] API Request: GET /gear
[2025-09-03 13:56:44] [INFO] API Request: PUT /gear/prefs
[2025-09-03 13:56:45] [INFO] API Request: POST /gear/default/hide
[2025-09-03 13:57:12] [INFO] API Request: GET /gear
[2025-09-03 13:57:22] [INFO] API Request: GET /backpacks
[2025-09-03 13:57:22] [INFO] API Request: GET /backpacks
[2025-09-03 13:57:22] [INFO] API Request: GET /gear
[2025-09-03 13:57:28] [INFO] API Request: GET /backpacks
[2025-09-03 13:57:28] [INFO] API Request: GET /gear
[2025-09-03 13:57:28] [INFO] API Request: GET /backpacks
[2025-09-03 13:57:29] [INFO] API Request: GET /gear
[2025-09-03 13:57:40] [INFO] API Request: GET /gear/prefs
[2025-09-03 13:57:40] [INFO] API Request: GET /gear
[2025-09-03 13:57:40] [INFO] API Request: GET /gear
[2025-09-03 13:57:43] [INFO] API Request: POST /gear/default/hide
[2025-09-03 13:57:45] [INFO] API Request: POST /gear/default/hide
[2025-09-03 13:57:49] [INFO] API Request: PUT /gear/prefs
[2025-09-03 13:57:49] [INFO] API Request: GET /gear
[2025-09-03 13:57:53] [INFO] API Request: PUT /gear/prefs
[2025-09-03 13:57:53] [INFO] API Request: GET /gear
[2025-09-03 13:58:37] [INFO] API Request: GET /gear
[2025-09-03 13:58:37] [INFO] API Request: GET /gear
[2025-09-03 13:58:40] [INFO] API Request: GET /backpacks
[2025-09-03 13:58:40] [INFO] API Request: GET /gear
[2025-09-03 13:58:40] [INFO] API Request: GET /backpacks
[2025-09-03 13:58:40] [INFO] API Request: GET /trips
[2025-09-03 13:58:40] [INFO] API Request: GET /backpacks
[2025-09-03 13:58:47] [INFO] API Request: GET /trips/6
[2025-09-03 13:59:03] [INFO] API Request: GET /trips
[2025-09-03 13:59:03] [INFO] API Request: GET /backpacks
[2025-09-03 13:59:04] [INFO] API Request: GET /trips
[2025-09-03 13:59:04] [INFO] API Request: GET /backpacks
[2025-09-03 13:59:12] [INFO] API Request: GET /backpacks
[2025-09-03 13:59:12] [INFO] API Request: GET /gear
[2025-09-03 13:59:12] [INFO] API Request: GET /backpacks
[2025-09-03 13:59:31] [INFO] API Request: GET /backpacks
[2025-09-03 13:59:36] [INFO] API Request: GET /gear/prefs
[2025-09-03 13:59:36] [INFO] API Request: GET /gear
[2025-09-03 13:59:36] [INFO] API Request: GET /gear
[2025-09-03 13:59:39] [INFO] API Request: PUT /gear/prefs
[2025-09-03 13:59:39] [INFO] API Request: GET /gear
[2025-09-03 13:59:44] [INFO] API Request: PUT /gear/prefs
[2025-09-03 13:59:44] [INFO] API Request: GET /gear
[2025-09-03 13:59:46] [INFO] API Request: PUT /gear/prefs
[2025-09-03 13:59:46] [INFO] API Request: GET /gear
[2025-09-03 13:59:59] [INFO] API Request: POST /gear
[2025-09-03 13:59:59] [INFO] API Request: GET /gear
[2025-09-03 14:00:25] [INFO] API Request: GET /gear
[2025-09-03 14:00:40] [INFO] API Request: PUT /gear/prefs
[2025-09-03 14:00:40] [INFO] API Request: GET /gear
[2025-09-03 14:00:42] [INFO] API Request: POST /gear/default/hide
[2025-09-03 14:00:42] [INFO] API Request: POST /gear/default/hide
[2025-09-03 14:00:42] [INFO] API Request: POST /gear/default/hide
[2025-09-03 14:00:42] [INFO] API Request: GET /gear
[2025-09-03 14:00:45] [INFO] API Request: POST /gear/default/hide
[2025-09-03 14:00:46] [INFO] API Request: POST /gear/default/hide
[2025-09-03 14:00:47] [INFO] API Request: POST /gear/default/hide
[2025-09-03 14:00:54] [INFO] API Request: PUT /gear/prefs
[2025-09-03 14:00:54] [INFO] API Request: GET /gear
[2025-09-03 14:00:58] [INFO] API Request: DELETE /gear/default/hide
[2025-09-03 14:00:58] [INFO] API Request: GET /gear
[2025-09-03 14:01:01] [INFO] API Request: PUT /gear/prefs
[2025-09-03 14:01:01] [ERROR] API Error: Invalid view mode
[2025-09-03 14:01:01] [INFO] API Request: GET /gear
[2025-09-03 14:01:05] [INFO] API Request: PUT /gear/prefs
[2025-09-03 14:01:05] [INFO] API Request: GET /gear
[2025-09-03 14:01:07] [INFO] API Request: GET /gear
[2025-09-03 14:01:07] [INFO] API Request: PUT /gear/prefs
[2025-09-03 14:01:08] [INFO] API Request: PUT /gear/prefs
[2025-09-03 14:01:08] [INFO] API Request: GET /gear
[2025-09-03 14:01:09] [INFO] API Request: PUT /gear/prefs
[2025-09-03 14:01:09] [ERROR] API Error: Invalid view mode
[2025-09-03 14:01:09] [INFO] API Request: GET /gear
[2025-09-03 14:01:09] [INFO] API Request: PUT /gear/prefs
[2025-09-03 14:01:09] [INFO] API Request: GET /gear
[2025-09-03 14:01:10] [INFO] API Request: PUT /gear/prefs
[2025-09-03 14:01:10] [INFO] API Request: GET /gear
[2025-09-03 14:01:28] [INFO] API Request: GET /trips
[2025-09-03 14:01:28] [INFO] API Request: GET /backpacks
[2025-09-03 14:01:30] [INFO] API Request: GET /trips/1
[2025-09-03 14:01:32] [INFO] API Request: POST /gear/default/hide
[2025-09-03 14:01:32] [INFO] API Request: POST /gear/default/hide
[2025-09-03 14:01:32] [INFO] API Request: POST /gear/default/hide
[2025-09-03 14:01:33] [INFO] API Request: GET /backpacks
[2025-09-03 14:01:33] [INFO] API Request: GET /backpacks
[2025-09-03 14:01:33] [INFO] API Request: GET /gear
[2025-09-03 14:01:44] [INFO] API Request: DELETE /gear/default/hide
[2025-09-03 14:02:03] [INFO] API Request: GET /backpacks
[2025-09-03 14:02:03] [INFO] API Request: GET /backpacks
[2025-09-03 14:02:03] [INFO] API Request: GET /gear
[2025-09-03 14:02:09] [INFO] API Request: GET /backpacks
[2025-09-03 14:02:09] [INFO] API Request: GET /gear
[2025-09-03 14:02:09] [INFO] API Request: GET /backpacks
[2025-09-03 14:02:10] [INFO] API Request: GET /gear/prefs
[2025-09-03 14:02:10] [INFO] API Request: GET /gear
[2025-09-03 14:02:10] [INFO] API Request: GET /gear
[2025-09-03 14:02:12] [INFO] API Request: PUT /gear/prefs
[2025-09-03 14:02:12] [ERROR] API Error: Invalid view mode
[2025-09-03 14:02:12] [INFO] API Request: GET /gear
[2025-09-03 14:02:14] [INFO] API Request: DELETE /gear/default/hide
[2025-09-03 14:02:17] [INFO] API Request: DELETE /gear/default/hide
[2025-09-03 14:02:20] [INFO] API Request: PUT /gear/prefs
[2025-09-03 14:02:20] [INFO] API Request: GET /gear
[2025-09-03 14:02:46] [INFO] API Request: GET /gear
[2025-09-03 14:02:49] [INFO] API Request: GET /gear
[2025-09-03 14:02:49] [INFO] API Request: GET /gear
[2025-09-03 14:02:51] [INFO] API Request: GET /trips
[2025-09-03 14:02:51] [INFO] API Request: GET /backpacks
[2025-09-03 14:02:55] [INFO] API Request: GET /trips/6
[2025-09-03 14:02:58] [INFO] API Request: GET /trips
[2025-09-03 14:02:58] [INFO] API Request: GET /backpacks
[2025-09-03 14:02:58] [INFO] API Request: GET /trips
[2025-09-03 14:02:58] [INFO] API Request: GET /backpacks
[2025-09-03 14:03:04] [INFO] API Request: GET /trips
[2025-09-03 14:03:04] [INFO] API Request: GET /backpacks
[2025-09-03 14:03:06] [INFO] API Request: GET /trips/6
[2025-09-03 14:03:15] [INFO] API Request: GET /backpacks
[2025-09-03 14:03:15] [INFO] API Request: GET /gear
[2025-09-03 14:03:15] [INFO] API Request: GET /backpacks
[03-Sep-2025 14:06:03 UTC] PHP Parse error:  Unmatched ']' in C:\xampp2\htdocs\BTT\public\backpacks.php on line 17
[03-Sep-2025 14:06:04 UTC] PHP Parse error:  Unmatched ']' in C:\xampp2\htdocs\BTT\public\backpacks.php on line 17
[2025-09-03 14:06:06] [INFO] API Request: GET /trips
[2025-09-03 14:06:06] [INFO] API Request: GET /backpacks
[2025-09-03 14:06:06] [INFO] API Request: GET /trips
[2025-09-03 14:06:06] [INFO] API Request: GET /backpacks
[03-Sep-2025 14:06:08 UTC] PHP Parse error:  Unmatched ']' in C:\xampp2\htdocs\BTT\public\backpacks.php on line 17
[2025-09-03 14:07:34] [INFO] API Request: GET /backpacks
[2025-09-03 14:07:34] [INFO] API Request: GET /gear
[2025-09-03 14:07:34] [INFO] API Request: GET /backpacks
[2025-09-03 14:07:37] [INFO] API Request: GET /gear/prefs
[2025-09-03 14:07:37] [INFO] API Request: GET /gear
[2025-09-03 14:07:37] [INFO] API Request: GET /gear
[2025-09-03 14:08:21] [INFO] API Request: GET /backpacks
[2025-09-03 14:08:21] [INFO] API Request: GET /backpacks
[2025-09-03 14:08:21] [INFO] API Request: GET /gear
[2025-09-03 14:08:22] [INFO] API Request: GET /gear/prefs
[2025-09-03 14:08:22] [INFO] API Request: GET /gear
[2025-09-03 14:08:22] [INFO] API Request: GET /gear
[2025-09-03 14:08:27] [INFO] API Request: GET /backpacks
[2025-09-03 14:08:27] [INFO] API Request: GET /gear
[2025-09-03 14:08:27] [INFO] API Request: GET /backpacks
[2025-09-03 14:08:46] [INFO] API Request: GET /gear/prefs
[2025-09-03 14:08:46] [INFO] API Request: GET /gear
[2025-09-03 14:08:46] [INFO] API Request: GET /gear
[2025-09-03 14:08:47] [INFO] API Request: GET /backpacks
[2025-09-03 14:08:47] [INFO] API Request: GET /gear
[2025-09-03 14:08:47] [INFO] API Request: GET /backpacks
[2025-09-03 14:08:47] [INFO] API Request: GET /backpacks
[2025-09-03 14:08:48] [INFO] API Request: GET /gear
[2025-09-03 14:08:48] [INFO] API Request: GET /backpacks
[2025-09-03 14:08:48] [INFO] API Request: GET /backpacks
[2025-09-03 14:08:48] [INFO] API Request: GET /gear
[2025-09-03 14:08:48] [INFO] API Request: GET /backpacks
[2025-09-03 14:08:48] [INFO] API Request: GET /gear/prefs
[2025-09-03 14:08:48] [INFO] API Request: GET /gear
[2025-09-03 14:08:48] [INFO] API Request: GET /gear
[2025-09-03 14:08:50] [INFO] API Request: POST /gear/default/hide
[2025-09-03 14:08:51] [INFO] API Request: POST /gear/default/hide
[2025-09-03 14:08:52] [INFO] API Request: POST /gear/default/hide
[2025-09-03 14:08:54] [INFO] API Request: POST /gear/default/hide
[2025-09-03 14:08:55] [INFO] API Request: POST /gear/default/hide
[2025-09-03 14:08:57] [INFO] API Request: PUT /gear/prefs
[2025-09-03 14:08:57] [INFO] API Request: GET /gear
[2025-09-03 14:09:05] [INFO] API Request: GET /gear
[2025-09-03 14:09:05] [INFO] API Request: PUT /gear/prefs
[2025-09-03 14:09:05] [ERROR] API Error: Invalid view mode
[2025-09-03 14:09:07] [INFO] API Request: DELETE /gear/default/hide
[2025-09-03 14:09:07] [INFO] API Request: DELETE /gear/default/hide
[2025-09-03 14:09:08] [INFO] API Request: DELETE /gear/default/hide
[2025-09-03 14:09:08] [INFO] API Request: DELETE /gear/default/hide
[2025-09-03 14:09:08] [INFO] API Request: DELETE /gear/default/hide
[2025-09-03 14:09:08] [INFO] API Request: DELETE /gear/default/hide
[2025-09-03 14:09:08] [INFO] API Request: DELETE /gear/default/hide
[2025-09-03 14:09:09] [INFO] API Request: DELETE /gear/default/hide
[2025-09-03 14:09:09] [INFO] API Request: DELETE /gear/default/hide
[2025-09-03 14:09:09] [INFO] API Request: DELETE /gear/default/hide
[2025-09-03 14:09:40] [INFO] API Request: GET /backpacks
[2025-09-03 14:09:40] [INFO] API Request: GET /gear
[2025-09-03 14:09:40] [INFO] API Request: GET /backpacks
[2025-09-03 14:09:41] [INFO] API Request: GET /gear/prefs
[2025-09-03 14:09:41] [INFO] API Request: GET /gear
[2025-09-03 14:09:41] [INFO] API Request: GET /gear
[2025-09-03 14:09:44] [INFO] API Request: PUT /gear/prefs
[2025-09-03 14:09:44] [ERROR] API Error: Invalid view mode
[2025-09-03 14:09:44] [INFO] API Request: GET /gear
[2025-09-03 14:09:45] [INFO] API Request: PUT /gear/prefs
[2025-09-03 14:09:45] [INFO] API Request: GET /gear
[2025-09-03 14:09:46] [INFO] API Request: PUT /gear/prefs
[2025-09-03 14:09:46] [INFO] API Request: GET /gear
[2025-09-03 14:09:49] [INFO] API Request: PUT /gear/prefs
[2025-09-03 14:09:49] [INFO] API Request: GET /gear
[2025-09-03 14:09:58] [INFO] API Request: POST /gear/default/hide
[2025-09-03 14:10:06] [INFO] API Request: POST /gear/default/hide
[2025-09-03 14:10:28] [INFO] API Request: GET /backpacks
[2025-09-03 14:10:28] [INFO] API Request: GET /backpacks
[2025-09-03 14:10:28] [INFO] API Request: GET /gear
[2025-09-03 14:11:05] [INFO] API Request: GET /backpacks
[2025-09-03 14:11:05] [INFO] API Request: GET /gear
[2025-09-03 14:11:05] [INFO] API Request: GET /backpacks
[2025-09-03 14:11:07] [INFO] API Request: GET /gear/prefs
[2025-09-03 14:11:07] [INFO] API Request: GET /gear
[2025-09-03 14:11:07] [INFO] API Request: GET /gear
[2025-09-03 14:11:09] [INFO] API Request: POST /gear/default/hide
[2025-09-03 14:11:11] [INFO] API Request: POST /gear/default/hide
[2025-09-03 14:11:13] [INFO] API Request: POST /gear/default/hide
[2025-09-03 14:11:15] [INFO] API Request: PUT /gear/prefs
[2025-09-03 14:11:15] [INFO] API Request: GET /gear
[2025-09-03 14:11:16] [INFO] API Request: PUT /gear/prefs
[2025-09-03 14:11:16] [INFO] API Request: GET /gear
[2025-09-03 14:11:21] [INFO] API Request: PUT /gear/prefs
[2025-09-03 14:11:21] [INFO] API Request: GET /gear
[2025-09-03 14:11:22] [INFO] API Request: PUT /gear/prefs
[2025-09-03 14:11:22] [INFO] API Request: GET /gear
[2025-09-03 14:11:27] [INFO] API Request: PUT /gear/prefs
[2025-09-03 14:11:27] [INFO] API Request: GET /gear
[2025-09-03 14:11:28] [INFO] API Request: PUT /gear/prefs
[2025-09-03 14:11:28] [INFO] API Request: GET /gear
[2025-09-03 14:11:28] [INFO] API Request: PUT /gear/prefs
[2025-09-03 14:11:28] [INFO] API Request: GET /gear
[2025-09-03 14:11:34] [INFO] API Request: GET /gear
[2025-09-03 14:12:33] [INFO] API Request: GET /backpacks
[2025-09-03 14:12:33] [INFO] API Request: GET /backpacks
[2025-09-03 14:12:33] [INFO] API Request: GET /gear
[2025-09-03 14:12:34] [INFO] API Request: GET /backpacks
[2025-09-03 14:12:35] [INFO] API Request: GET /gear
[2025-09-03 14:12:37] [INFO] API Request: GET /gear/prefs
[2025-09-03 14:12:37] [INFO] API Request: GET /gear
[2025-09-03 14:12:37] [INFO] API Request: GET /gear
[2025-09-03 14:12:38] [INFO] API Request: GET /backpacks
[2025-09-03 14:12:38] [INFO] API Request: GET /gear
[2025-09-03 14:12:39] [INFO] API Request: GET /gear
[2025-09-03 14:12:39] [INFO] API Request: GET /gear
[2025-09-03 14:12:40] [INFO] API Request: GET /backpacks
[2025-09-03 14:12:43] [INFO] API Request: GET /gear
[2025-09-03 14:12:44] [INFO] API Request: GET /gear
[2025-09-03 14:12:44] [INFO] API Request: GET /gear
[2025-09-03 14:12:46] [INFO] API Request: GET /gear
[2025-09-03 14:12:46] [INFO] API Request: GET /backpacks
[2025-09-03 14:12:47] [INFO] API Request: GET /gear
[2025-09-03 14:12:47] [INFO] API Request: GET /gear
[2025-09-03 14:12:47] [INFO] API Request: GET /gear
[2025-09-03 14:12:48] [INFO] API Request: GET /gear
[2025-09-03 14:12:51] [INFO] API Request: GET /gear
[2025-09-03 14:12:52] [INFO] API Request: GET /gear
[2025-09-03 14:12:52] [INFO] API Request: GET /gear
[2025-09-03 14:12:53] [INFO] API Request: GET /backpacks
[2025-09-03 14:13:10] [INFO] API Request: GET /backpacks
[2025-09-03 14:13:10] [INFO] API Request: GET /gear
[2025-09-03 14:13:10] [INFO] API Request: GET /backpacks
[2025-09-03 14:13:28] [INFO] API Request: GET /trips
[2025-09-03 14:13:28] [INFO] API Request: GET /backpacks
[2025-09-03 14:13:28] [INFO] API Request: GET /trips
[2025-09-03 14:13:28] [INFO] API Request: GET /backpacks
[2025-09-03 14:13:28] [INFO] API Request: GET /backpacks
[2025-09-03 14:13:28] [INFO] API Request: GET /gear
[2025-09-03 14:13:28] [INFO] API Request: GET /backpacks
[2025-09-03 14:13:29] [INFO] API Request: GET /backpacks
[2025-09-03 14:13:29] [INFO] API Request: GET /gear
[2025-09-03 14:13:29] [INFO] API Request: GET /backpacks
[2025-09-03 14:13:31] [INFO] API Request: GET /backpacks
[2025-09-03 14:13:36] [INFO] API Request: GET /backpacks
[2025-09-03 14:13:38] [INFO] API Request: GET /backpacks
[2025-09-03 14:13:39] [INFO] API Request: GET /backpacks
[2025-09-03 14:13:39] [INFO] API Request: GET /gear
[2025-09-03 14:13:39] [INFO] API Request: GET /backpacks
[2025-09-03 14:13:59] [INFO] API Request: GET /gear
[2025-09-03 14:14:02] [INFO] API Request: GET /gear/prefs
[2025-09-03 14:14:02] [INFO] API Request: GET /gear
[2025-09-03 14:14:02] [INFO] API Request: GET /gear
[2025-09-03 14:14:52] [INFO] API Request: GET /backpacks
[2025-09-03 14:14:52] [INFO] API Request: GET /gear
[2025-09-03 14:14:52] [INFO] API Request: GET /backpacks
[2025-09-03 14:15:01] [INFO] API Request: GET /backpacks
[2025-09-03 14:15:03] [INFO] API Request: GET /backpacks
[2025-09-03 14:15:16] [INFO] API Request: GET /gear
[2025-09-03 14:15:17] [INFO] API Request: GET /backpacks
[2025-09-03 14:15:17] [INFO] API Request: GET /gear
[2025-09-03 14:22:31] [INFO] API Request: GET /backpacks
[2025-09-03 14:22:31] [INFO] API Request: GET /gear
[2025-09-03 14:22:31] [INFO] API Request: GET /backpacks
[2025-09-03 14:22:32] [INFO] API Request: GET /gear/prefs
[2025-09-03 14:22:32] [INFO] API Request: GET /gear
[2025-09-03 14:22:32] [INFO] API Request: GET /gear
[2025-09-03 14:22:33] [INFO] API Request: GET /gear
[2025-09-03 14:22:43] [INFO] API Request: GET /backpacks
[2025-09-03 14:24:53] [INFO] API Request: GET /backpacks
[2025-09-03 14:24:53] [INFO] API Request: GET /backpacks
[2025-09-03 14:24:53] [INFO] API Request: GET /gear
[2025-09-03 14:24:53] [INFO] API Request: GET /backpacks
[2025-09-03 14:24:53] [INFO] API Request: GET /gear
[2025-09-03 14:24:53] [INFO] API Request: GET /backpacks
[2025-09-03 14:24:56] [INFO] API Request: GET /backpacks
[2025-09-03 14:24:56] [INFO] API Request: GET /trips
[2025-09-03 14:24:56] [INFO] API Request: GET /trips
[2025-09-03 14:24:56] [INFO] API Request: GET /backpacks
[2025-09-03 14:25:04] [INFO] API Request: GET /trips
[2025-09-03 14:25:04] [INFO] API Request: GET /backpacks
[2025-09-03 14:25:08] [INFO] API Request: GET /trips/6
[2025-09-03 14:25:14] [INFO] API Request: GET /trips
[2025-09-03 14:25:14] [INFO] API Request: GET /backpacks
[2025-09-03 14:25:14] [INFO] API Request: GET /trips
[2025-09-03 14:25:14] [INFO] API Request: GET /backpacks
[2025-09-03 14:26:29] [INFO] API Request: POST /backpacks
[2025-09-03 14:26:38] [INFO] API Request: GET /backpacks
[2025-09-03 14:27:15] [INFO] API Request: GET /backpacks
[2025-09-03 14:27:15] [INFO] API Request: GET /backpacks
[2025-09-03 14:27:15] [INFO] API Request: GET /gear
[2025-09-03 14:27:15] [INFO] API Request: GET /backpacks
[2025-09-03 14:29:56] [INFO] API Request: GET /backpacks
[2025-09-03 14:29:56] [INFO] API Request: GET /gear
[2025-09-03 14:29:56] [INFO] API Request: GET /backpacks
[2025-09-03 14:29:56] [INFO] API Request: GET /backpacks
[2025-09-03 14:29:56] [INFO] API Request: GET /backpacks
[2025-09-03 14:29:56] [INFO] API Request: GET /gear
[2025-09-03 14:29:56] [INFO] API Request: GET /backpacks
[2025-09-03 14:29:56] [INFO] API Request: GET /backpacks
[2025-09-03 14:29:59] [INFO] API Request: DELETE /backpacks/1
[2025-09-03 14:29:59] [ERROR] API Error: Cannot delete backpack. It is used by 2 trip(s). Use ?force=true to delete anyway (trips will be unlinked).
[2025-09-03 14:30:17] [INFO] API Request: GET /trips
[2025-09-03 14:30:17] [INFO] API Request: GET /backpacks
[2025-09-03 14:30:17] [INFO] API Request: GET /trips
[2025-09-03 14:30:17] [INFO] API Request: GET /backpacks
[2025-09-03 14:31:49] [INFO] API Request: GET /backpacks
[2025-09-03 14:32:00] [INFO] API Request: DELETE /backpacks/4
[2025-09-03 14:32:16] [INFO] API Request: GET /backpacks
[2025-09-03 14:32:31] [INFO] API Request: POST /backpacks
[2025-09-03 14:32:53] [INFO] API Request: PUT /backpacks/18
[2025-09-03 14:33:02] [INFO] API Request: GET /backpacks
[2025-09-03 14:33:02] [INFO] API Request: GET /gear
[2025-09-03 14:33:02] [INFO] API Request: GET /backpacks
[2025-09-03 14:33:02] [INFO] API Request: GET /backpacks
[2025-09-03 14:33:09] [INFO] API Request: DELETE /backpacks/1
[2025-09-03 14:33:09] [ERROR] API Error: Cannot delete backpack. It is used by 2 trip(s). Use ?force=true to delete anyway (trips will be unlinked).
[2025-09-03 14:33:23] [INFO] API Request: GET /backpacks
[2025-09-03 14:33:23] [INFO] API Request: GET /gear
[2025-09-03 14:33:23] [INFO] API Request: GET /backpacks
[2025-09-03 14:33:23] [INFO] API Request: GET /backpacks
[2025-09-03 14:33:50] [INFO] API Request: GET /backpacks
[2025-09-03 14:34:04] [INFO] API Request: DELETE /backpacks/2
[2025-09-03 14:34:20] [INFO] API Request: DELETE /backpacks/1
[2025-09-03 14:34:20] [ERROR] API Error: Cannot delete backpack. It is used by 2 trip(s). Use ?force=true to delete anyway (trips will be unlinked).
[2025-09-03 14:34:20] [INFO] API Request: DELETE /backpacks/1
[2025-09-03 14:35:25] [INFO] API Request: DELETE /backpacks/3
[2025-09-03 14:35:25] [INFO] API Request: GET /backpacks
[2025-09-03 14:35:43] [INFO] API Request: POST /backpacks
[2025-09-03 14:35:43] [INFO] API Request: POST /backpacks
[2025-09-03 14:35:52] [INFO] API Request: GET /backpacks
[2025-09-03 14:35:52] [INFO] API Request: GET /backpacks
[2025-09-03 14:35:52] [INFO] API Request: GET /gear
[2025-09-03 14:35:52] [INFO] API Request: GET /backpacks
[2025-09-03 14:36:23] [INFO] API Request: GET /gear/prefs
[2025-09-03 14:36:23] [INFO] API Request: GET /gear
[2025-09-03 14:36:24] [INFO] API Request: GET /gear
[2025-09-03 14:36:29] [INFO] API Request: GET /backpacks
[2025-09-03 14:36:30] [INFO] API Request: GET /gear
[2025-09-03 14:36:32] [INFO] API Request: GET /gear
[2025-09-03 14:36:42] [INFO] API Request: POST /backpacks
[2025-09-03 14:36:42] [INFO] API Request: GET /backpacks
[2025-09-03 14:37:19] [INFO] API Request: GET /trips
[2025-09-03 14:37:19] [INFO] API Request: GET /backpacks
[2025-09-03 14:37:19] [INFO] API Request: GET /trips
[2025-09-03 14:37:20] [INFO] API Request: GET /backpacks
[2025-09-03 14:37:21] [INFO] API Request: GET /trips
[2025-09-03 14:37:21] [INFO] API Request: GET /backpacks
[2025-09-03 14:37:23] [INFO] API Request: GET /backpacks
[2025-09-03 14:37:23] [INFO] API Request: GET /gear
[2025-09-03 14:37:23] [INFO] API Request: GET /backpacks
[2025-09-03 14:37:23] [INFO] API Request: GET /backpacks
[03-Sep-2025 14:37:24 UTC] PHP Fatal error:  Uncaught Error: Undefined constant "DB_PATH" in C:\xampp2\htdocs\BTT\api\classes\Database.php:28
Stack trace:
#0 C:\xampp2\htdocs\BTT\api\classes\Database.php(16): Database->initSQLite()
#1 C:\xampp2\htdocs\BTT\api\classes\Database.php(67): Database->__construct()
#2 C:\xampp2\htdocs\BTT\test\tools\storage.php(46): Database::getInstance()
#3 C:\xampp2\htdocs\BTT\test\tools\storage.php(19): BTT\Test\Tools\Storage->detectStorageDriver()
#4 C:\xampp2\htdocs\BTT\test\tools\storage.php(30): BTT\Test\Tools\Storage->__construct()
#5 C:\xampp2\htdocs\BTT\test\includes\header.php(27): BTT\Test\Tools\Storage::getInstance()
#6 C:\xampp2\htdocs\BTT\test\index.php(13): require_once('C:\\xampp2\\htdoc...')
#7 {main}
  thrown in C:\xampp2\htdocs\BTT\api\classes\Database.php on line 28
[2025-09-03 14:37:25] [INFO] API Request: GET /backpacks
[2025-09-03 14:37:25] [INFO] API Request: GET /gear
[2025-09-03 14:37:25] [INFO] API Request: GET /backpacks
[2025-09-03 14:37:25] [INFO] API Request: GET /backpacks
[2025-09-03 14:37:28] [INFO] API Request: GET /trips
[2025-09-03 14:37:28] [INFO] API Request: GET /backpacks
[2025-09-03 14:37:28] [INFO] API Request: GET /trips
[2025-09-03 14:37:28] [INFO] API Request: GET /backpacks
[2025-09-03 14:37:32] [INFO] API Request: GET /gear
[2025-09-03 14:37:32] [INFO] API Request: GET /backpacks
[2025-09-03 14:37:32] [INFO] API Request: GET /backpacks
[2025-09-03 14:37:32] [INFO] API Request: GET /backpacks
[2025-09-03 14:38:58] [INFO] API Request: GET /backpacks
[2025-09-03 14:38:58] [INFO] API Request: GET /gear
[2025-09-03 14:38:58] [INFO] API Request: GET /backpacks
[2025-09-03 14:38:58] [INFO] API Request: GET /backpacks
[2025-09-03 14:39:01] [INFO] API Request: GET /backpacks
[2025-09-03 14:39:01] [INFO] API Request: GET /gear
[2025-09-03 14:39:01] [INFO] API Request: GET /backpacks
[2025-09-03 14:39:01] [INFO] API Request: GET /backpacks
[2025-09-03 14:39:16] [INFO] API Request: POST /backpacks
[2025-09-03 14:39:16] [INFO] API Request: GET /backpacks
[2025-09-03 14:40:26] [INFO] API Request: GET /gear
[2025-09-03 14:40:32] [INFO] API Request: PUT /backpacks/22
[2025-09-03 14:40:32] [INFO] API Request: GET /backpacks
[2025-09-03 14:40:38] [INFO] API Request: GET /backpacks
[2025-09-03 14:40:38] [INFO] API Request: GET /gear
[2025-09-03 14:40:38] [INFO] API Request: GET /backpacks
[2025-09-03 14:40:38] [INFO] API Request: GET /backpacks
[2025-09-03 14:40:41] [INFO] API Request: GET /backpacks
[2025-09-03 14:40:41] [INFO] API Request: GET /backpacks
[2025-09-03 14:40:41] [INFO] API Request: GET /gear
[2025-09-03 14:40:41] [INFO] API Request: GET /backpacks
[2025-09-03 14:41:26] [INFO] API Request: GET /backpacks
[2025-09-03 14:41:26] [INFO] API Request: GET /gear
[2025-09-03 14:41:26] [INFO] API Request: GET /backpacks
[2025-09-03 14:41:26] [INFO] API Request: GET /backpacks
[2025-09-03 14:41:34] [INFO] API Request: GET /backpacks
[2025-09-03 14:41:34] [INFO] API Request: GET /gear
[2025-09-03 14:41:34] [INFO] API Request: GET /backpacks
[2025-09-03 14:41:34] [INFO] API Request: GET /backpacks
[2025-09-03 14:42:14] [INFO] API Request: GET /backpacks
[2025-09-03 14:42:14] [INFO] API Request: GET /backpacks
[2025-09-03 14:42:14] [INFO] API Request: GET /gear
[2025-09-03 14:42:14] [INFO] API Request: GET /backpacks
[2025-09-03 14:42:15] [INFO] API Request: GET /backpacks
[2025-09-03 14:42:15] [INFO] API Request: GET /gear
[2025-09-03 14:42:15] [INFO] API Request: GET /backpacks
[2025-09-03 14:42:15] [INFO] API Request: GET /backpacks
[2025-09-03 14:42:17] [INFO] API Request: GET /gear
[2025-09-03 14:42:18] [INFO] API Request: GET /gear/prefs
[2025-09-03 14:42:18] [INFO] API Request: GET /gear
[2025-09-03 14:42:18] [INFO] API Request: GET /gear
[2025-09-03 14:42:19] [INFO] API Request: GET /gear
[2025-09-03 14:42:28] [INFO] API Request: GET /backpacks
[2025-09-03 14:42:30] [INFO] API Request: GET /gear
[2025-09-03 14:42:32] [INFO] API Request: GET /backpacks
[2025-09-03 14:42:32] [INFO] API Request: GET /backpacks
[2025-09-03 14:42:32] [INFO] API Request: GET /gear
[2025-09-03 14:42:32] [INFO] API Request: GET /backpacks
[2025-09-03 14:42:37] [INFO] API Request: GET /backpacks
[2025-09-03 14:42:37] [INFO] API Request: GET /gear
[2025-09-03 14:42:37] [INFO] API Request: GET /backpacks
[2025-09-03 14:42:37] [INFO] API Request: GET /backpacks
[2025-09-03 14:42:58] [INFO] API Request: GET /gear
[2025-09-03 14:42:59] [INFO] API Request: GET /backpacks
[2025-09-03 14:43:00] [INFO] API Request: GET /trips
[2025-09-03 14:43:00] [INFO] API Request: GET /backpacks
[2025-09-03 14:43:01] [INFO] API Request: GET /trips/6
[2025-09-03 14:45:52] [INFO] API Request: GET /backpacks
[2025-09-03 14:45:52] [INFO] API Request: GET /trips
[2025-09-03 14:45:53] [INFO] API Request: GET /trips/1
[2025-09-03 14:45:55] [INFO] API Request: GET /backpacks
[2025-09-03 14:45:55] [INFO] API Request: GET /backpacks
[2025-09-03 14:45:55] [INFO] API Request: GET /gear
[2025-09-03 14:45:55] [INFO] API Request: GET /backpacks
[2025-09-03 14:46:00] [INFO] API Request: GET /backpacks
[2025-09-03 14:46:00] [INFO] API Request: GET /trips
[03-Sep-2025 14:46:04 UTC] PHP Fatal error:  Uncaught Error: Undefined constant "DB_PATH" in C:\xampp2\htdocs\BTT\api\classes\Database.php:28
Stack trace:
#0 C:\xampp2\htdocs\BTT\api\classes\Database.php(16): Database->initSQLite()
#1 C:\xampp2\htdocs\BTT\api\classes\Database.php(67): Database->__construct()
#2 C:\xampp2\htdocs\BTT\test\tools\storage.php(46): Database::getInstance()
#3 C:\xampp2\htdocs\BTT\test\tools\storage.php(19): BTT\Test\Tools\Storage->detectStorageDriver()
#4 C:\xampp2\htdocs\BTT\test\tools\storage.php(30): BTT\Test\Tools\Storage->__construct()
#5 C:\xampp2\htdocs\BTT\test\includes\header.php(27): BTT\Test\Tools\Storage::getInstance()
#6 C:\xampp2\htdocs\BTT\test\index.php(13): require_once('C:\\xampp2\\htdoc...')
#7 {main}
  thrown in C:\xampp2\htdocs\BTT\api\classes\Database.php on line 28
[2025-09-03 14:46:05] [INFO] API Request: GET /trips
[2025-09-03 14:46:05] [INFO] API Request: GET /backpacks
[2025-09-03 14:46:06] [INFO] API Request: GET /backpacks
[2025-09-03 14:46:06] [INFO] API Request: GET /trips
[2025-09-03 14:46:06] [INFO] API Request: GET /trips
[2025-09-03 14:46:06] [INFO] API Request: GET /backpacks
[2025-09-03 14:46:06] [INFO] API Request: GET /trips
[2025-09-03 14:46:06] [INFO] API Request: GET /backpacks
[2025-09-03 14:46:07] [INFO] API Request: GET /backpacks
[2025-09-03 14:46:07] [INFO] API Request: GET /gear
[2025-09-03 14:46:07] [INFO] API Request: GET /backpacks
[2025-09-03 14:46:07] [INFO] API Request: GET /backpacks
[2025-09-03 14:46:08] [INFO] API Request: GET /trips
[2025-09-03 14:46:08] [INFO] API Request: GET /backpacks
[2025-09-03 14:46:08] [INFO] API Request: GET /trips
[2025-09-03 14:46:08] [INFO] API Request: GET /backpacks
[2025-09-03 14:46:20] [INFO] API Request: GET /backpacks
[2025-09-03 14:46:29] [INFO] API Request: POST /backpacks
[2025-09-03 14:46:37] [INFO] API Request: GET /backpacks
[2025-09-03 14:46:53] [INFO] API Request: GET /backpacks
[2025-09-03 14:46:53] [INFO] API Request: GET /gear
[2025-09-03 14:46:53] [INFO] API Request: GET /backpacks
[2025-09-03 14:46:53] [INFO] API Request: GET /backpacks
[2025-09-03 14:47:32] [INFO] API Request: GET /gear/prefs
[2025-09-03 14:47:32] [INFO] API Request: GET /gear
[2025-09-03 14:47:32] [INFO] API Request: GET /gear
[2025-09-03 14:47:33] [INFO] API Request: GET /gear
[2025-09-03 14:47:34] [INFO] API Request: GET /gear
[2025-09-03 14:47:34] [INFO] API Request: GET /gear
[2025-09-03 14:47:35] [INFO] API Request: GET /backpacks
[2025-09-03 14:47:35] [INFO] API Request: GET /gear
[2025-09-03 14:47:36] [INFO] API Request: GET /gear
[2025-09-03 14:47:37] [INFO] API Request: GET /gear
[2025-09-03 14:47:41] [INFO] API Request: GET /backpacks
[2025-09-03 14:49:01] [INFO] API Request: GET /backpacks
[2025-09-03 14:49:01] [INFO] API Request: GET /backpacks
[2025-09-03 14:49:01] [INFO] API Request: GET /gear
[2025-09-03 14:49:01] [INFO] API Request: GET /backpacks
[2025-09-03 14:49:31] [INFO] API Request: POST /backpacks
[2025-09-03 14:49:31] [ERROR] API Error: Validation failed - {"type":"Invalid backpack type"}
[2025-09-03 14:49:39] [INFO] API Request: GET /gear
[2025-09-03 14:49:40] [INFO] API Request: GET /trips
[2025-09-03 14:49:40] [INFO] API Request: GET /backpacks
[2025-09-03 14:49:41] [INFO] API Request: GET /trips/6
[2025-09-03 14:49:49] [INFO] API Request: POST /backpacks
[2025-09-03 14:49:49] [ERROR] API Error: Validation failed - {"type":"Invalid backpack type"}
[2025-09-03 14:50:05] [INFO] API Request: POST /backpacks
[2025-09-03 14:50:05] [INFO] API Request: GET /backpacks/24
[2025-09-03 14:50:05] [ERROR] API Error: Backpack not found
[2025-09-03 14:50:05] [INFO] API Request: PUT /backpacks/24
[2025-09-03 14:50:05] [INFO] API Request: GET /backpacks
[2025-09-03 14:50:05] [INFO] API Request: DELETE /backpacks/24
[2025-09-03 14:50:05] [ERROR] API Error: Backpack not found
[2025-09-03 14:52:18] [INFO] API Request: GET /backpacks
[2025-09-03 14:52:25] [INFO] API Request: POST /backpacks
[2025-09-03 14:52:25] [INFO] API Request: GET /backpacks/25
[2025-09-03 14:52:25] [INFO] API Request: PUT /backpacks/25
[2025-09-03 14:52:25] [INFO] API Request: GET /backpacks
[2025-09-03 14:52:25] [INFO] API Request: DELETE /backpacks/25
[2025-09-03 14:52:56] [INFO] API Request: GET /backpacks
[2025-09-03 14:52:56] [INFO] API Request: GET /backpacks
[2025-09-03 14:52:56] [INFO] API Request: GET /gear
[2025-09-03 14:52:56] [INFO] API Request: GET /backpacks
[2025-09-03 14:52:59] [INFO] API Request: GET /backpacks/13
[2025-09-03 14:53:05] [INFO] API Request: GET /backpacks
[2025-09-03 14:53:05] [INFO] API Request: POST /backpacks
[2025-09-03 14:53:05] [INFO] API Request: PUT /backpacks/25
[2025-09-03 14:53:05] [INFO] API Request: GET /gear
[2025-09-03 14:53:05] [INFO] API Request: DELETE /backpacks/25
[2025-09-03 14:53:07] [INFO] API Request: GET /backpacks
[2025-09-03 14:53:07] [INFO] API Request: GET /backpacks
[2025-09-03 14:53:07] [INFO] API Request: GET /gear
[2025-09-03 14:53:07] [INFO] API Request: GET /backpacks
[2025-09-03 14:53:21] [INFO] API Request: GET /backpacks
[2025-09-03 14:53:21] [INFO] API Request: POST /backpacks
[2025-09-03 14:53:21] [INFO] API Request: PUT /backpacks/25
[2025-09-03 14:53:21] [INFO] API Request: GET /gear
[2025-09-03 14:53:21] [INFO] API Request: DELETE /backpacks/25
[2025-09-03 14:53:23] [INFO] API Request: GET /backpacks
[2025-09-03 14:53:23] [INFO] API Request: GET /gear
[2025-09-03 14:53:23] [INFO] API Request: GET /backpacks
[2025-09-03 14:53:23] [INFO] API Request: GET /backpacks
[2025-09-03 14:53:38] [INFO] API Request: GET /backpacks/13
[2025-09-03 14:53:40] [INFO] API Request: GET /backpacks
[2025-09-03 14:53:40] [INFO] API Request: GET /backpacks
[2025-09-03 14:53:40] [INFO] API Request: GET /gear
[2025-09-03 14:53:40] [INFO] API Request: GET /backpacks
[2025-09-03 14:53:43] [INFO] API Request: GET /gear/prefs
[2025-09-03 14:53:43] [INFO] API Request: GET /gear
[2025-09-03 14:53:44] [INFO] API Request: GET /gear
[2025-09-03 14:53:48] [INFO] API Request: GET /trips
[2025-09-03 14:53:48] [INFO] API Request: GET /backpacks
[2025-09-03 14:53:48] [INFO] API Request: GET /trips
[2025-09-03 14:53:48] [INFO] API Request: GET /backpacks
[2025-09-03 14:53:49] [INFO] API Request: GET /trips
[2025-09-03 14:53:49] [INFO] API Request: GET /backpacks
[2025-09-03 14:56:15] [INFO] API Request: GET /backpacks
[2025-09-03 14:56:15] [INFO] API Request: GET /backpacks
[2025-09-03 14:56:15] [INFO] API Request: GET /backpacks
[2025-09-03 14:56:15] [INFO] API Request: GET /gear
[2025-09-03 14:56:15] [INFO] API Request: GET /backpacks
[2025-09-03 14:56:15] [INFO] API Request: GET /backpacks
[2025-09-03 14:56:15] [INFO] API Request: GET /backpacks
[2025-09-03 14:56:21] [INFO] API Request: DELETE /backpacks/15
[2025-09-03 14:56:21] [INFO] API Request: GET /backpacks
[2025-09-03 14:56:24] [INFO] API Request: GET /backpacks
[2025-09-03 14:56:24] [INFO] API Request: GET /gear
[2025-09-03 14:56:24] [INFO] API Request: GET /backpacks
[2025-09-03 14:56:24] [INFO] API Request: GET /backpacks
[2025-09-03 14:56:24] [INFO] API Request: GET /backpacks
[2025-09-03 14:56:24] [INFO] API Request: GET /backpacks
[2025-09-03 14:56:28] [INFO] API Request: DELETE /backpacks/16
[2025-09-03 14:56:28] [INFO] API Request: GET /backpacks
[2025-09-03 14:56:51] [INFO] API Request: GET /backpacks
[2025-09-03 14:56:51] [INFO] API Request: POST /backpacks
[2025-09-03 14:56:51] [INFO] API Request: PUT /backpacks/25
[2025-09-03 14:56:51] [INFO] API Request: GET /gear
[2025-09-03 14:56:51] [INFO] API Request: DELETE /backpacks/25
[2025-09-03 14:56:53] [INFO] API Request: GET /backpacks
[2025-09-03 14:56:53] [INFO] API Request: GET /backpacks
[2025-09-03 14:56:53] [INFO] API Request: GET /gear
[2025-09-03 14:56:53] [INFO] API Request: GET /backpacks
[2025-09-03 14:56:53] [INFO] API Request: GET /backpacks
[2025-09-03 14:56:53] [INFO] API Request: GET /backpacks
[2025-09-03 15:04:37] [INFO] API Request: GET /backpacks
[2025-09-03 15:04:37] [INFO] API Request: GET /trips
[2025-09-03 15:04:38] [INFO] API Request: GET /trips
[2025-09-03 15:04:38] [INFO] API Request: GET /backpacks
[2025-09-03 15:04:38] [INFO] API Request: GET /trips
[2025-09-03 15:04:38] [INFO] API Request: GET /backpacks
[2025-09-03 15:04:40] [INFO] API Request: GET /trips
[2025-09-03 15:04:40] [INFO] API Request: GET /backpacks
[2025-09-03 15:04:40] [INFO] API Request: GET /trips
[2025-09-03 15:04:40] [INFO] API Request: GET /backpacks
[2025-09-03 15:04:43] [INFO] API Request: GET /backpacks
[2025-09-03 15:04:43] [INFO] API Request: GET /trips
[2025-09-03 15:04:46] [INFO] API Request: GET /backpacks
[2025-09-03 15:04:46] [INFO] API Request: GET /trips
[2025-09-03 15:04:48] [INFO] API Request: GET /trips/5
[2025-09-03 15:04:55] [INFO] API Request: GET /backpacks
[2025-09-03 15:04:55] [INFO] API Request: GET /backpacks
[2025-09-03 15:04:55] [INFO] API Request: GET /gear
[2025-09-03 15:04:55] [INFO] API Request: GET /backpacks
[2025-09-03 15:04:55] [INFO] API Request: GET /backpacks
[2025-09-03 15:04:55] [INFO] API Request: GET /backpacks
[2025-09-03 15:04:58] [INFO] API Request: DELETE /backpacks/17
[2025-09-03 15:04:58] [INFO] API Request: GET /backpacks
[2025-09-03 15:05:01] [INFO] API Request: GET /trips
[2025-09-03 15:05:01] [INFO] API Request: GET /backpacks
[2025-09-03 15:06:15] [INFO] API Request: GET /trips/4
[2025-09-03 15:06:18] [INFO] API Request: GET /trips/4
[2025-09-03 15:07:04] [INFO] API Request: GET /backpacks
[2025-09-03 15:07:04] [INFO] API Request: GET /backpacks
[2025-09-03 15:07:04] [INFO] API Request: GET /gear
[2025-09-03 15:07:04] [INFO] API Request: GET /backpacks
[2025-09-03 15:07:04] [INFO] API Request: GET /backpacks
[2025-09-03 15:07:04] [INFO] API Request: GET /backpacks
[2025-09-03 15:07:06] [INFO] API Request: GET /backpacks/13
[2025-09-03 15:07:12] [INFO] API Request: PUT /backpacks/13
[2025-09-03 15:07:12] [INFO] API Request: GET /backpacks
[2025-09-03 15:07:18] [INFO] API Request: DELETE /backpacks/13
[2025-09-03 15:07:18] [ERROR] API Error: Cannot delete backpack. It is used by 1 trip(s). Use ?force=true to delete anyway (trips will be unlinked).
[2025-09-03 15:07:19] [INFO] API Request: DELETE /backpacks/13
[2025-09-03 15:07:19] [INFO] API Request: GET /backpacks
[2025-09-03 15:07:21] [INFO] API Request: GET /backpacks
[2025-09-03 15:07:21] [INFO] API Request: GET /gear
[2025-09-03 15:07:21] [INFO] API Request: GET /backpacks
[2025-09-03 15:07:21] [INFO] API Request: GET /backpacks
[2025-09-03 15:07:21] [INFO] API Request: GET /backpacks
[2025-09-03 15:07:21] [INFO] API Request: GET /backpacks
[2025-09-03 15:07:24] [INFO] API Request: DELETE /backpacks/18
[2025-09-03 15:07:24] [INFO] API Request: GET /backpacks
[2025-09-03 15:07:25] [INFO] API Request: GET /backpacks
[2025-09-03 15:07:25] [INFO] API Request: GET /gear
[2025-09-03 15:07:25] [INFO] API Request: GET /backpacks
[2025-09-03 15:07:25] [INFO] API Request: GET /backpacks
[2025-09-03 15:07:25] [INFO] API Request: GET /backpacks
[2025-09-03 15:07:25] [INFO] API Request: GET /backpacks
[2025-09-03 15:07:27] [INFO] API Request: DELETE /backpacks/19
[2025-09-03 15:07:27] [INFO] API Request: GET /backpacks
[2025-09-03 15:07:29] [INFO] API Request: GET /backpacks
[2025-09-03 15:07:29] [INFO] API Request: GET /gear
[2025-09-03 15:07:29] [INFO] API Request: GET /backpacks
[2025-09-03 15:07:29] [INFO] API Request: GET /backpacks
[2025-09-03 15:07:29] [INFO] API Request: GET /backpacks
[2025-09-03 15:07:29] [INFO] API Request: GET /backpacks
[2025-09-03 15:07:31] [INFO] API Request: DELETE /backpacks/20
[2025-09-03 15:07:31] [INFO] API Request: GET /backpacks
[2025-09-03 15:07:32] [INFO] API Request: GET /backpacks
[2025-09-03 15:07:32] [INFO] API Request: GET /gear
[2025-09-03 15:07:32] [INFO] API Request: GET /backpacks
[2025-09-03 15:07:32] [INFO] API Request: GET /backpacks
[2025-09-03 15:07:32] [INFO] API Request: GET /backpacks
[2025-09-03 15:07:32] [INFO] API Request: GET /backpacks
[2025-09-03 15:07:34] [INFO] API Request: DELETE /backpacks/21
[2025-09-03 15:07:34] [INFO] API Request: GET /backpacks
[2025-09-03 15:07:35] [INFO] API Request: GET /backpacks
[2025-09-03 15:07:35] [INFO] API Request: GET /backpacks
[2025-09-03 15:07:35] [INFO] API Request: GET /gear
[2025-09-03 15:07:35] [INFO] API Request: GET /backpacks
[2025-09-03 15:07:35] [INFO] API Request: GET /backpacks
[2025-09-03 15:07:35] [INFO] API Request: GET /backpacks
[2025-09-03 15:07:37] [INFO] API Request: DELETE /backpacks/22
[2025-09-03 15:07:37] [INFO] API Request: GET /backpacks
[2025-09-03 15:07:39] [INFO] API Request: GET /backpacks
[2025-09-03 15:07:39] [INFO] API Request: GET /gear
[2025-09-03 15:07:39] [INFO] API Request: GET /backpacks
[2025-09-03 15:07:39] [INFO] API Request: GET /backpacks
[2025-09-03 15:07:39] [INFO] API Request: GET /backpacks
[2025-09-03 15:07:39] [INFO] API Request: GET /backpacks
[2025-09-03 15:07:41] [INFO] API Request: DELETE /backpacks/23
[2025-09-03 15:07:41] [INFO] API Request: GET /backpacks
[2025-09-03 15:07:42] [INFO] API Request: GET /backpacks
[2025-09-03 15:07:42] [INFO] API Request: GET /gear
[2025-09-03 15:07:42] [INFO] API Request: GET /backpacks
[2025-09-03 15:07:42] [INFO] API Request: GET /backpacks
[2025-09-03 15:07:42] [INFO] API Request: GET /backpacks
[2025-09-03 15:07:42] [INFO] API Request: GET /backpacks
[2025-09-03 15:07:44] [INFO] API Request: DELETE /backpacks/24
[2025-09-03 15:07:44] [INFO] API Request: GET /backpacks
[2025-09-03 15:10:25] [INFO] API Request: GET /trips
[2025-09-03 15:10:25] [INFO] API Request: GET /backpacks
[2025-09-03 15:10:27] [INFO] API Request: GET /trips/4
[2025-09-03 15:10:34] [INFO] API Request: GET /backpacks
[2025-09-03 15:10:34] [INFO] API Request: GET /backpacks
[2025-09-03 15:10:34] [INFO] API Request: GET /gear
[2025-09-03 15:10:34] [INFO] API Request: GET /backpacks
[2025-09-03 15:10:34] [INFO] API Request: GET /backpacks
[2025-09-03 15:10:34] [INFO] API Request: GET /backpacks
[2025-09-03 15:10:50] [INFO] API Request: POST /backpacks
[2025-09-03 15:10:50] [INFO] API Request: GET /backpacks
[2025-09-03 15:10:56] [INFO] API Request: GET /backpacks/1
[2025-09-03 15:11:11] [INFO] API Request: PUT /backpacks/1
[2025-09-03 15:11:11] [INFO] API Request: GET /backpacks
[2025-09-03 15:11:18] [INFO] API Request: GET /backpacks
[2025-09-03 15:11:49] [INFO] API Request: GET /backpacks
[2025-09-03 15:11:49] [INFO] API Request: GET /trips
[2025-09-03 15:11:51] [INFO] API Request: GET /backpacks
[2025-09-03 15:11:51] [INFO] API Request: GET /backpacks
[2025-09-03 15:11:51] [INFO] API Request: GET /gear
[2025-09-03 15:11:51] [INFO] API Request: GET /backpacks
[2025-09-03 15:11:51] [INFO] API Request: GET /backpacks
[2025-09-03 15:11:51] [INFO] API Request: GET /backpacks
[2025-09-03 15:11:53] [INFO] API Request: GET /backpacks/1
[2025-09-03 15:12:22] [INFO] API Request: GET /backpacks
[2025-09-03 15:12:22] [INFO] API Request: GET /backpacks
[2025-09-03 15:12:22] [INFO] API Request: GET /gear
[2025-09-03 15:12:22] [INFO] API Request: GET /backpacks
[2025-09-03 15:12:22] [INFO] API Request: GET /backpacks
[2025-09-03 15:12:22] [INFO] API Request: GET /backpacks
[2025-09-03 15:12:32] [INFO] API Request: POST /backpacks
[2025-09-03 15:12:32] [INFO] API Request: GET /backpacks
[2025-09-03 15:12:44] [INFO] API Request: POST /backpacks
[2025-09-03 15:12:44] [INFO] API Request: GET /backpacks
[2025-09-03 15:12:46] [INFO] API Request: GET /backpacks
[2025-09-03 15:12:46] [INFO] API Request: GET /gear
[2025-09-03 15:12:46] [INFO] API Request: GET /backpacks
[2025-09-03 15:12:46] [INFO] API Request: GET /backpacks
[2025-09-03 15:12:46] [INFO] API Request: GET /backpacks
[2025-09-03 15:12:46] [INFO] API Request: GET /backpacks
[2025-09-03 15:12:55] [INFO] API Request: POST /backpacks
[2025-09-03 15:12:55] [INFO] API Request: GET /backpacks
[2025-09-03 15:13:08] [INFO] API Request: GET /backpacks/1
[2025-09-03 15:13:13] [INFO] API Request: PUT /backpacks/1
[2025-09-03 15:13:13] [INFO] API Request: GET /backpacks
[2025-09-03 15:13:29] [INFO] API Request: GET /backpacks
[2025-09-03 15:13:34] [INFO] API Request: GET /backpacks
[2025-09-03 15:13:34] [INFO] API Request: GET /trips
[2025-09-03 15:13:34] [INFO] API Request: GET /trips
[2025-09-03 15:13:34] [INFO] API Request: GET /backpacks
[2025-09-03 15:13:47] [INFO] API Request: GET /trips
[2025-09-03 15:13:47] [INFO] API Request: GET /backpacks
[2025-09-03 15:13:47] [INFO] API Request: GET /backpacks
[2025-09-03 15:13:47] [INFO] API Request: GET /backpacks
[2025-09-03 15:13:47] [INFO] API Request: GET /gear
[2025-09-03 15:13:47] [INFO] API Request: GET /backpacks
[2025-09-03 15:13:47] [INFO] API Request: GET /backpacks
[2025-09-03 15:13:47] [INFO] API Request: GET /backpacks
[2025-09-03 15:13:49] [INFO] API Request: GET /backpacks/1
[2025-09-03 15:14:00] [INFO] API Request: GET /gear/prefs
[2025-09-03 15:14:00] [INFO] API Request: GET /gear
[2025-09-03 15:14:00] [INFO] API Request: GET /gear
[2025-09-03 15:14:02] [INFO] API Request: PUT /gear/prefs
[2025-09-03 15:14:02] [INFO] API Request: GET /gear
[2025-09-03 15:14:04] [INFO] API Request: GET /gear
[2025-09-03 15:15:45] [INFO] API Request: GET /backpacks
[2025-09-03 15:15:45] [INFO] API Request: GET /backpacks
[2025-09-03 15:15:45] [INFO] API Request: GET /gear
[2025-09-03 15:15:45] [INFO] API Request: GET /backpacks
[2025-09-03 15:15:45] [INFO] API Request: GET /backpacks
[2025-09-03 15:15:45] [INFO] API Request: GET /backpacks
[2025-09-03 15:15:47] [INFO] API Request: GET /backpacks/1
[2025-09-03 15:15:51] [INFO] API Request: PUT /backpacks/1
[2025-09-03 15:15:51] [INFO] API Request: GET /backpacks
[2025-09-03 15:15:55] [INFO] API Request: GET /backpacks/1
[2025-09-03 15:16:00] [INFO] API Request: PUT /backpacks/1
[2025-09-03 15:16:00] [INFO] API Request: GET /backpacks
[2025-09-03 15:17:07] [INFO] API Request: GET /backpacks
[2025-09-03 15:17:07] [INFO] API Request: GET /gear
[2025-09-03 15:17:07] [INFO] API Request: GET /backpacks
[2025-09-03 15:17:07] [INFO] API Request: GET /backpacks
[2025-09-03 15:17:07] [INFO] API Request: GET /backpacks
[2025-09-03 15:17:07] [INFO] API Request: GET /backpacks
[2025-09-03 15:17:09] [INFO] API Request: GET /backpacks/1
[2025-09-03 15:18:38] [INFO] API Request: PUT /backpacks/1
[2025-09-03 15:18:38] [INFO] API Request: GET /backpacks
[2025-09-03 15:18:49] [INFO] API Request: GET /trips
[2025-09-03 15:18:49] [INFO] API Request: GET /backpacks
[2025-09-03 15:18:50] [INFO] API Request: GET /trips/4
[2025-09-03 15:18:57] [INFO] API Request: PUT /trips/4
[2025-09-03 15:18:57] [INFO] API Request: GET /trips
[2025-09-03 15:19:02] [INFO] API Request: GET /trips/5
[2025-09-03 15:20:51] [INFO] API Request: GET /backpacks
[2025-09-03 15:20:51] [INFO] API Request: GET /trips
[2025-09-03 15:20:58] [INFO] API Request: GET /trips
[2025-09-03 15:20:59] [INFO] API Request: GET /backpacks
[2025-09-03 15:20:59] [INFO] API Request: GET /backpacks
[2025-09-03 15:20:59] [INFO] API Request: GET /trips
[2025-09-03 15:20:59] [INFO] API Request: GET /backpacks
[2025-09-03 15:20:59] [INFO] API Request: GET /trips
[2025-09-03 15:21:00] [INFO] API Request: GET /trips
[2025-09-03 15:21:00] [INFO] API Request: GET /backpacks
[2025-09-03 15:21:00] [INFO] API Request: GET /trips
[2025-09-03 15:21:00] [INFO] API Request: GET /backpacks
[2025-09-03 15:21:01] [INFO] API Request: GET /trips
[2025-09-03 15:21:01] [INFO] API Request: GET /backpacks
[2025-09-03 15:21:01] [INFO] API Request: GET /trips
[2025-09-03 15:21:01] [INFO] API Request: GET /backpacks
[2025-09-03 15:21:01] [INFO] API Request: GET /trips
[2025-09-03 15:21:01] [INFO] API Request: GET /backpacks
[2025-09-03 15:24:25] [INFO] API Request: GET /trips
[2025-09-03 15:24:25] [INFO] API Request: GET /backpacks
[2025-09-03 15:24:25] [INFO] API Request: GET /trips
[2025-09-03 15:24:25] [INFO] API Request: GET /backpacks
[2025-09-03 15:24:28] [INFO] API Request: GET /trips
[2025-09-03 15:24:28] [INFO] API Request: GET /backpacks
[2025-09-03 15:24:28] [INFO] API Request: GET /trips
[2025-09-03 15:24:28] [INFO] API Request: GET /backpacks
[2025-09-03 15:24:32] [INFO] API Request: GET /backpacks
[2025-09-03 15:24:32] [INFO] API Request: GET /backpacks
[2025-09-03 15:24:32] [INFO] API Request: GET /gear
[2025-09-03 15:24:32] [INFO] API Request: GET /backpacks
[2025-09-03 15:24:32] [INFO] API Request: GET /backpacks
[2025-09-03 15:24:32] [INFO] API Request: GET /backpacks
[2025-09-03 15:24:33] [INFO] API Request: GET /backpacks
[2025-09-03 15:24:33] [INFO] API Request: GET /trips
[2025-09-03 15:24:33] [INFO] API Request: GET /trips
[2025-09-03 15:24:33] [INFO] API Request: GET /backpacks
[2025-09-03 15:24:38] [INFO] API Request: GET /trips
[2025-09-03 15:24:38] [INFO] API Request: GET /backpacks
[2025-09-03 15:24:42] [INFO] API Request: GET /backpacks
[2025-09-03 15:24:42] [INFO] API Request: GET /gear
[2025-09-03 15:24:42] [INFO] API Request: GET /backpacks
[2025-09-03 15:24:42] [INFO] API Request: GET /backpacks
[2025-09-03 15:24:42] [INFO] API Request: GET /backpacks
[2025-09-03 15:24:42] [INFO] API Request: GET /backpacks
[2025-09-03 15:24:53] [INFO] API Request: GET /gear
[2025-09-03 15:24:55] [INFO] API Request: GET /backpacks
[2025-09-03 15:25:58] [INFO] API Request: GET /trips
[2025-09-03 15:25:58] [INFO] API Request: GET /backpacks
[2025-09-03 15:25:58] [INFO] API Request: GET /trips
[2025-09-03 15:25:58] [INFO] API Request: GET /backpacks
[2025-09-03 15:25:59] [INFO] API Request: GET /trips
[2025-09-03 15:25:59] [INFO] API Request: GET /backpacks
[2025-09-03 15:25:59] [INFO] API Request: GET /trips
[2025-09-03 15:25:59] [INFO] API Request: GET /backpacks
[2025-09-03 15:26:00] [INFO] API Request: GET /backpacks
[2025-09-03 15:26:00] [INFO] API Request: GET /trips
[2025-09-03 15:26:01] [INFO] API Request: GET /backpacks
[2025-09-03 15:26:01] [INFO] API Request: GET /gear
[2025-09-03 15:26:01] [INFO] API Request: GET /backpacks
[2025-09-03 15:26:01] [INFO] API Request: GET /backpacks
[2025-09-03 15:26:01] [INFO] API Request: GET /backpacks
[2025-09-03 15:26:01] [INFO] API Request: GET /backpacks
[2025-09-03 15:26:04] [INFO] API Request: GET /backpacks
[2025-09-03 15:26:04] [INFO] API Request: GET /trips
[2025-09-03 15:26:04] [INFO] API Request: GET /trips
[2025-09-03 15:26:04] [INFO] API Request: GET /backpacks
[2025-09-03 15:26:21] [INFO] API Request: GET /trips
[2025-09-03 15:26:21] [INFO] API Request: GET /backpacks
[2025-09-03 15:26:21] [INFO] API Request: GET /trips
[2025-09-03 15:26:21] [INFO] API Request: GET /backpacks
[2025-09-03 15:26:22] [INFO] API Request: GET /trips
[2025-09-03 15:26:22] [INFO] API Request: GET /backpacks
[2025-09-03 15:26:28] [INFO] API Request: GET /trips/5
[2025-09-03 15:26:29] [INFO] API Request: GET /trips
[2025-09-03 15:26:29] [INFO] API Request: GET /backpacks
[2025-09-03 15:26:29] [INFO] API Request: GET /trips
[2025-09-03 15:26:29] [INFO] API Request: GET /backpacks
[2025-09-03 15:26:31] [INFO] API Request: GET /backpacks
[2025-09-03 15:26:31] [INFO] API Request: GET /trips
[2025-09-03 15:26:42] [INFO] API Request: GET /backpacks
[2025-09-03 15:26:42] [INFO] API Request: GET /gear
[2025-09-03 15:26:42] [INFO] API Request: GET /backpacks
[2025-09-03 15:26:42] [INFO] API Request: GET /backpacks
[2025-09-03 15:26:42] [INFO] API Request: GET /backpacks
[2025-09-03 15:26:42] [INFO] API Request: GET /backpacks
[2025-09-03 15:26:48] [INFO] API Request: POST /backpacks
[2025-09-03 15:26:48] [INFO] API Request: GET /backpacks
[2025-09-03 15:26:50] [INFO] API Request: GET /gear
[2025-09-03 15:26:55] [INFO] API Request: GET /backpacks/1
